Дата операции,Референс,Описание операции,Сумма в валюте счёта,Валюта счёта
15.02.2026 09:19:02,REF000001,Перевод клиенту от Иванов И.И. за услугу,"1 500,00",RUB
15.02.2026 17:41:06,REF000002,Перевод СБП от Петров П.П. оплата товара,"1 800,00",RUB
15.02.2026 23:11:35,REF000003,Перевод СБП от Петров П.П. оплата товара,"2 500,00",RUB
15.02.2026 20:29:14,REF000004,Перевод СБП от Кузнецов К.К. по договору,"1 800,00",RUB
15.02.2026 12:40:42,REF000005,Перевод СБП от Кузнецов К.К. по договору,"3 500,00",RUB
15.02.2026 07:47:39,REF000006,Перевод СБП от Петров П.П. оплата товара,"3 500,00",RUB
15.02.2026 20:24:00,REF000007,Перевод СБП от Петров П.П. оплата товара,"1 800,00",RUB
15.02.2026 15:48:45,REF000008,Перевод клиенту от Иванов И.И. за услугу,"5 000,00",RUB
15.02.2026 10:51:55,REF000009,Перевод СБП от Петров П.П. оплата товара,"2 500,00",RUB
15.02.2026 17:12:29,REF000010,Перевод клиенту от Иванов И.И. за услугу,"2 500,00",RUB
15.02.2026 22:33:40,REF000011,Перевод СБП от Сидоров С.С. за работу,"5 000,00",RUB
15.02.2026 19:39:25,REF000012,Перевод клиенту от Иванов И.И. за услугу,"2 500,00",RUB
15.02.2026 18:54:29,REF000013,Перевод СБП от Петров П.П. оплата товара,"2 500,00",RUB
15.02.2026 09:43:08,REF000014,Перевод СБП от Сидоров С.С. за работу,"1 500,00",RUB
15.02.2026 14:19:07,REF000015,Перевод СБП от Петров П.П. оплата товара,"2 500,00",RUB
15.02.2026 11:32:24,REF000016,Перевод СБП от Кузнецов К.К. по договору,"5 000,00",RUB
15.02.2026 11:36:24,REF000017,Перевод СБП от Кузнецов К.К. по договору,"1 800,00",RUB
15.02.2026 22:40:34,REF000018,Перевод СБП от Петров П.П. оплата товара,"5 000,00",RUB
15.02.2026 12:31:18,REF000019,Перевод СБП от Петров П.П. оплата товара,"1 800,00",RUB
15.02.2026 17:53:28,REF000020,Перевод клиенту от Иванов И.И. за услугу,"2 500,00",RUB
15.02.2026 07:31:08,REF000021,Перевод СБП от Петров П.П. оплата товара,"3 500,00",RUB
15.02.2026 23:41:31,REF000022,Перевод СБП от Кузнецов К.К. по договору,"3 500,00",RUB
15.02.2026 20:45:53,REF000023,Перевод СБП от Кузнецов К.К. по договору,"3 500,00",RUB
15.02.2026 12:05:36,REF000024,Перевод клиенту от Иванов И.И. за услугу,"1 800,00",RUB
15.02.2026 16:02:17,REF000025,Перевод СБП от Петров П.П. оплата товара,"5 000,00",RUB
15.02.2026 16:10:49,REF000026,Перевод СБП от Кузнецов К.К. по договору,"5 000,00",RUB
15.02.2026 22:35:32,REF000027,Перевод клиенту от Иванов И.И. за услугу,"5 000,00",RUB
15.02.2026 10:17:49,REF000028,Перевод СБП от Сидоров С.С. за работу,"5 000,00",RUB
15.02.2026 08:48:46,REF000029,Перевод СБП от Кузнецов К.К. по договору,"5 000,00",RUB
15.02.2026 13:27:06,REF000030,Перевод СБП от Петров П.П. оплата товара,"2 500,00",RUB
15.02.2026 08:28:16,REF000031,Перевод СБП от Сидоров С.С. за работу,"1 500,00",RUB
15.02.2026 21:55:07,REF000032,Перевод СБП от Петров П.П. оплата товара,"1 800,00",RUB
15.02.2026 18:55:45,REF000033,Перевод СБП от Кузнецов К.К. по договору,"1 800,00",RUB
15.02.2026 11:50:13,REF000034,Перевод СБП от Петров П.П. оплата товара,"1 500,00",RUB
15.02.2026 18:34:17,REF000035,Перевод СБП от Петров П.П. оплата товара,"2 500,00",RUB
15.02.2026 16:18:36,REF000035O,Покупка Wildberries,"-2 607,00",RUB
15.02.2026 10:08:48,REF000035O,Покупка Wildberries,"-742,00",RUB
15.02.2026 15:55:41,REF000035O,Покупка Перекрёсток,"-3 373,00",RUB
15.02.2026 11:15:09,REF000035O,АЗС,"-1 819,00",RUB
16.02.2026 14:48:53,REF000036,Перевод СБП от Кузнецов К.К. по договору,"3 500,00",RUB
16.02.2026 11:36:40,REF000037,Перевод СБП от Сидоров С.С. за работу,"3 500,00",RUB
16.02.2026 19:28:04,REF000038,Перевод клиенту от Иванов И.И. за услугу,"3 500,00",RUB
16.02.2026 23:47:17,REF000039,Перевод СБП от Сидоров С.С. за работу,"3 500,00",RUB
16.02.2026 22:20:37,REF000040,Перевод клиенту от Иванов И.И. за услугу,"1 500,00",RUB
16.02.2026 21:40:42,REF000041,Перевод СБП от Сидоров С.С. за работу,"1 500,00",RUB
16.02.2026 19:13:27,REF000042,Перевод СБП от Петров П.П. оплата товара,"3 500,00",RUB
16.02.2026 15:20:53,REF000043,Перевод СБП от Сидоров С.С. за работу,"2 500,00",RUB
16.02.2026 11:36:54,REF000044,Перевод СБП от Кузнецов К.К. по договору,"2 500,00",RUB
16.02.2026 08:02:06,REF000045,Перевод СБП от Кузнецов К.К. по договору,"1 500,00",RUB
16.02.2026 10:59:54,REF000046,Перевод СБП от Петров П.П. оплата товара,"3 500,00",RUB
16.02.2026 21:00:27,REF000047,Перевод СБП от Петров П.П. оплата товара,"1 800,00",RUB
16.02.2026 16:10:55,REF000048,Перевод СБП от Сидоров С.С. за работу,"1 500,00",RUB
16.02.2026 18:16:05,REF000049,Перевод СБП от Сидоров С.С. за работу,"1 800,00",RUB
16.02.2026 08:25:40,REF000050,Перевод СБП от Сидоров С.С. за работу,"1 800,00",RUB
16.02.2026 20:41:05,REF000051,Перевод клиенту от Иванов И.И. за услугу,"1 500,00",RUB
16.02.2026 13:30:04,REF000052,Перевод СБП от Петров П.П. оплата товара,"5 000,00",RUB
16.02.2026 14:33:43,REF000053,Перевод СБП от Кузнецов К.К. по договору,"1 500,00",RUB
16.02.2026 07:44:21,REF000054,Перевод клиенту от Иванов И.И. за услугу,"3 500,00",RUB
16.02.2026 11:30:04,REF000055,Перевод СБП от Петров П.П. оплата товара,"3 500,00",RUB
16.02.2026 09:46:51,REF000056,Перевод клиенту от Иванов И.И. за услугу,"1 500,00",RUB
16.02.2026 17:23:56,REF000057,Перевод СБП от Сидоров С.С. за работу,"1 800,00",RUB
16.02.2026 19:49:52,REF000058,Перевод СБП от Петров П.П. оплата товара,"1 800,00",RUB
16.02.2026 09:33:36,REF000059,Перевод клиенту от Иванов И.И. за услугу,"5 000,00",RUB
16.02.2026 12:28:22,REF000060,Перевод СБП от Петров П.П. оплата товара,"1 800,00",RUB
16.02.2026 20:39:43,REF000061,Перевод СБП от Кузнецов К.К. по договору,"1 800,00",RUB
16.02.2026 09:57:06,REF000062,Перевод СБП от Петров П.П. оплата товара,"1 500,00",RUB
16.02.2026 19:22:27,REF000063,Перевод СБП от Сидоров С.С. за работу,"1 800,00",RUB
16.02.2026 14:17:41,REF000064,Перевод клиенту от Иванов И.И. за услугу,"1 800,00",RUB
16.02.2026 16:49:44,REF000065,Перевод клиенту от Иванов И.И. за услугу,"2 500,00",RUB
16.02.2026 13:33:38,REF000066,Перевод СБП от Петров П.П. оплата товара,"3 500,00",RUB
16.02.2026 16:41:03,REF000067,Перевод СБП от Петров П.П. оплата товара,"3 500,00",RUB
16.02.2026 19:07:15,REF000068,Перевод СБП от Кузнецов К.К. по договору,"5 000,00",RUB
16.02.2026 09:33:56,REF000069,Перевод клиенту от Иванов И.И. за услугу,"2 500,00",RUB
16.02.2026 17:08:24,REF000070,Перевод СБП от Кузнецов К.К. по договору,"2 500,00",RUB
16.02.2026 12:48:30,REF000071,Перевод клиенту от Иванов И.И. за услугу,"1 500,00",RUB
16.02.2026 09:00:16,REF000072,Перевод СБП от Петров П.П. оплата товара,"1 500,00",RUB
16.02.2026 08:50:25,REF000073,Перевод СБП от Сидоров С.С. за работу,"5 000,00",RUB
16.02.2026 20:27:44,REF000074,Перевод СБП от Кузнецов К.К. по договору,"1 500,00",RUB
16.02.2026 11:17:05,REF000075,Перевод СБП от Сидоров С.С. за работу,"1 500,00",RUB
16.02.2026 23:58:13,REF000076,Перевод СБП от Петров П.П. оплата товара,"5 000,00",RUB
16.02.2026 17:25:37,REF000077,Перевод клиенту от Иванов И.И. за услугу,"2 500,00",RUB
16.02.2026 20:46:54,REF000078,Перевод СБП от Петров П.П. оплата товара,"1 500,00",RUB
16.02.2026 14:05:59,REF000079,Перевод СБП от Кузнецов К.К. по договору,"1 500,00",RUB
16.02.2026 21:39:38,REF000080,Перевод клиенту от Иванов И.И. за услугу,"2 500,00",RUB
16.02.2026 12:07:00,REF000081,Перевод СБП от Петров П.П. оплата товара,"1 500,00",RUB
16.02.2026 12:31:22,REF000082,Перевод СБП от Сидоров С.С. за работу,"1 800,00",RUB
16.02.2026 18:08:47,REF000083,Перевод СБП от Сидоров С.С. за работу,"1 500,00",RUB
16.02.2026 07:21:51,REF000084,Перевод СБП от Кузнецов К.К. по договору,"2 500,00",RUB
16.02.2026 23:04:16,REF000085,Перевод клиенту от Иванов И.И. за услугу,"3 500,00",RUB
16.02.2026 21:32:23,REF000086,Перевод клиенту от Иванов И.И. за услугу,"3 500,00",RUB
16.02.2026 12:23:10,REF000086O,Покупка Wildberries,"-3 667,00",RUB
16.02.2026 10:57:36,REF000086O,АЗС,"-3 460,00",RUB
16.02.2026 10:14:47,REF000086O,АЗС,"-510,00",RUB
16.02.2026 08:54:55,REF000086O,Покупка Перекрёсток,"-1 501,00",RUB
17.02.2026 22:23:24,REF000087,Перевод СБП от Петров П.П. оплата товара,"1 800,00",RUB
17.02.2026 08:35:51,REF000088,Перевод СБП от Кузнецов К.К. по договору,"1 800,00",RUB
17.02.2026 17:15:26,REF000089,Перевод СБП от Сидоров С.С. за работу,"2 500,00",RUB
17.02.2026 09:36:23,REF000090,Перевод клиенту от Иванов И.И. за услугу,"5 000,00",RUB
17.02.2026 08:11:14,REF000091,Перевод клиенту от Иванов И.И. за услугу,"3 500,00",RUB
17.02.2026 09:56:29,REF000092,Перевод СБП от Сидоров С.С. за работу,"2 500,00",RUB
17.02.2026 17:05:35,REF000093,Перевод СБП от Кузнецов К.К. по договору,"1 500,00",RUB
17.02.2026 18:12:18,REF000094,Перевод СБП от Сидоров С.С. за работу,"5 000,00",RUB
17.02.2026 14:29:23,REF000095,Перевод СБП от Кузнецов К.К. по договору,"1 800,00",RUB
17.02.2026 14:09:00,REF000096,Перевод СБП от Кузнецов К.К. по договору,"1 500,00",RUB
17.02.2026 14:34:22,REF000097,Перевод клиенту от Иванов И.И. за услугу,"2 500,00",RUB
17.02.2026 07:48:42,REF000098,Перевод СБП от Кузнецов К.К. по договору,"2 500,00",RUB
17.02.2026 10:13:33,REF000099,Перевод СБП от Петров П.П. оплата товара,"3 500,00",RUB
17.02.2026 22:03:09,REF000100,Перевод СБП от Сидоров С.С. за работу,"1 500,00",RUB
17.02.2026 08:58:14,REF000101,Перевод СБП от Кузнецов К.К. по договору,"2 500,00",RUB
17.02.2026 21:47:05,REF000102,Перевод клиенту от Иванов И.И. за услугу,"5 000,00",RUB
17.02.2026 11:40:52,REF000103,Перевод СБП от Кузнецов К.К. по договору,"1 500,00",RUB
17.02.2026 08:27:42,REF000104,Перевод СБП от Петров П.П. оплата товара,"1 800,00",RUB
17.02.2026 16:16:54,REF000105,Перевод СБП от Сидоров С.С. за работу,"3 500,00",RUB
17.02.2026 17:20:28,REF000106,Перевод СБП от Сидоров С.С. за работу,"1 800,00",RUB
17.02.2026 09:12:08,REF000107,Перевод клиенту от Иванов И.И. за услугу,"1 800,00",RUB
17.02.2026 10:10:28,REF000108,Перевод СБП от Кузнецов К.К. по договору,"2 500,00",RUB
17.02.2026 20:07:34,REF000109,Перевод СБП от Сидоров С.С. за работу,"1 800,00",RUB
17.02.2026 21:19:29,REF000110,Перевод СБП от Сидоров С.С. за работу,"1 500,00",RUB
17.02.2026 09:10:51,REF000111,Перевод СБП от Сидоров С.С. за работу,"5 000,00",RUB
17.02.2026 08:13:53,REF000112,Перевод СБП от Сидоров С.С. за работу,"1 800,00",RUB
17.02.2026 14:22:25,REF000112O,АЗС,"-700,00",RUB
17.02.2026 16:16:52,REF000112O,Покупка Перекрёсток,"-627,00",RUB
18.02.2026 19:54:28,REF000113,Перевод СБП от Петров П.П. оплата товара,"1 500,00",RUB
18.02.2026 21:06:51,REF000114,Перевод СБП от Петров П.П. оплата товара,"1 500,00",RUB
18.02.2026 07:03:53,REF000115,Перевод СБП от Петров П.П. оплата товара,"1 800,00",RUB
18.02.2026 13:52:25,REF000116,Перевод СБП от Сидоров С.С. за работу,"1 500,00",RUB
18.02.2026 15:58:52,REF000117,Перевод клиенту от Иванов И.И. за услугу,"1 500,00",RUB
18.02.2026 09:12:57,REF000118,Перевод СБП от Кузнецов К.К. по договору,"1 800,00",RUB
18.02.2026 09:57:54,REF000119,Перевод СБП от Сидоров С.С. за работу,"1 500,00",RUB
18.02.2026 08:29:03,REF000120,Перевод СБП от Петров П.П. оплата товара,"5 000,00",RUB
18.02.2026 20:52:46,REF000121,Перевод СБП от Кузнецов К.К. по договору,"3 500,00",RUB
18.02.2026 07:24:43,REF000122,Перевод СБП от Кузнецов К.К. по договору,"1 800,00",RUB
18.02.2026 18:13:58,REF000123,Перевод СБП от Петров П.П. оплата товара,"2 500,00",RUB
18.02.2026 15:28:56,REF000124,Перевод СБП от Петров П.П. оплата товара,"1 500,00",RUB
18.02.2026 14:41:18,REF000125,Перевод СБП от Кузнецов К.К. по договору,"3 500,00",RUB
18.02.2026 22:03:05,REF000126,Перевод СБП от Сидоров С.С. за работу,"3 500,00",RUB
18.02.2026 11:26:12,REF000127,Перевод СБП от Петров П.П. оплата товара,"5 000,00",RUB
18.02.2026 07:24:50,REF000128,Перевод СБП от Сидоров С.С. за работу,"3 500,00",RUB
18.02.2026 22:22:58,REF000129,Перевод СБП от Сидоров С.С. за работу,"3 500,00",RUB
18.02.2026 15:11:01,REF000130,Перевод СБП от Сидоров С.С. за работу,"5 000,00",RUB
18.02.2026 14:01:57,REF000131,Перевод СБП от Сидоров С.С. за работу,"1 500,00",RUB
18.02.2026 22:33:22,REF000132,Перевод СБП от Петров П.П. оплата товара,"1 800,00",RUB
18.02.2026 10:15:42,REF000133,Перевод СБП от Петров П.П. оплата товара,"2 500,00",RUB
18.02.2026 08:48:14,REF000134,Перевод СБП от Кузнецов К.К. по договору,"2 500,00",RUB
18.02.2026 12:11:15,REF000135,Перевод СБП от Сидоров С.С. за работу,"2 500,00",RUB
18.02.2026 07:45:44,REF000136,Перевод СБП от Сидоров С.С. за работу,"5 000,00",RUB
18.02.2026 11:36:12,REF000137,Перевод СБП от Кузнецов К.К. по договору,"5 000,00",RUB
18.02.2026 16:11:31,REF000138,Перевод клиенту от Иванов И.И. за услугу,"1 500,00",RUB
18.02.2026 08:14:38,REF000139,Перевод СБП от Петров П.П. оплата товара,"1 500,00",RUB
18.02.2026 23:30:00,REF000140,Перевод СБП от Сидоров С.С. за работу,"5 000,00",RUB
18.02.2026 13:51:08,REF000141,Перевод СБП от Сидоров С.С. за работу,"1 800,00",RUB
18.02.2026 17:03:01,REF000142,Перевод СБП от Петров П.П. оплата товара,"5 000,00",RUB
18.02.2026 11:49:07,REF000143,Перевод СБП от Сидоров С.С. за работу,"1 500,00",RUB
18.02.2026 18:45:42,REF000144,Перевод СБП от Кузнецов К.К. по договору,"5 000,00",RUB
18.02.2026 10:21:19,REF000145,Перевод СБП от Сидоров С.С. за работу,"1 800,00",RUB
18.02.2026 12:46:27,REF000146,Перевод СБП от Кузнецов К.К. по договору,"2 500,00",RUB
18.02.2026 12:45:35,REF000147,Перевод СБП от Сидоров С.С. за работу,"1 800,00",RUB
18.02.2026 12:24:19,REF000148,Перевод СБП от Сидоров С.С. за работу,"1 800,00",RUB
18.02.2026 12:46:00,REF000149,Перевод СБП от Кузнецов К.К. по договору,"5 000,00",RUB
18.02.2026 08:11:38,REF000150,Перевод СБП от Сидоров С.С. за работу,"5 000,00",RUB
18.02.2026 14:40:36,REF000151,Перевод клиенту от Иванов И.И. за услугу,"3 500,00",RUB
18.02.2026 11:21:47,REF000152,Перевод клиенту от Иванов И.И. за услугу,"1 800,00",RUB
18.02.2026 18:20:10,REF000153,Перевод клиенту от Иванов И.И. за услугу,"2 500,00",RUB
18.02.2026 21:00:16,REF000154,Перевод СБП от Петров П.П. оплата товара,"1 800,00",RUB
18.02.2026 09:22:16,REF000155,Перевод клиенту от Иванов И.И. за услугу,"1 500,00",RUB
18.02.2026 08:24:28,REF000156,Перевод СБП от Кузнецов К.К. по договору,"1 800,00",RUB
18.02.2026 20:31:56,REF000157,Перевод СБП от Кузнецов К.К. по договору,"2 500,00",RUB
18.02.2026 19:06:53,REF000158,Перевод СБП от Кузнецов К.К. по договору,"5 000,00",RUB
18.02.2026 14:10:28,REF000159,Перевод клиенту от Иванов И.И. за услугу,"1 500,00",RUB
18.02.2026 16:01:20,REF000160,Перевод СБП от Сидоров С.С. за работу,"1 500,00",RUB
18.02.2026 09:21:10,REF000161,Перевод СБП от Кузнецов К.К. по договору,"1 800,00",RUB
18.02.2026 09:35:57,REF000162,Перевод клиенту от Иванов И.И. за услугу,"2 500,00",RUB
18.02.2026 22:45:01,REF000163,Перевод СБП от Кузнецов К.К. по договору,"1 800,00",RUB
18.02.2026 20:10:03,REF000164,Перевод клиенту от Иванов И.И. за услугу,"2 500,00",RUB
18.02.2026 13:12:26,REF000165,Перевод СБП от Сидоров С.С. за работу,"2 500,00",RUB
18.02.2026 16:15:06,REF000166,Перевод клиенту от Иванов И.И. за услугу,"3 500,00",RUB
18.02.2026 22:09:03,REF000167,Перевод СБП от Сидоров С.С. за работу,"1 500,00",RUB
18.02.2026 09:18:52,REF000167O,АЗС,"-3 060,00",RUB
18.02.2026 22:12:06,REF000167O,Покупка Перекрёсток,"-1 347,00",RUB
18.02.2026 12:40:18,REF000167O,Покупка Перекрёсток,"-2 439,00",RUB
19.02.2026 10:19:50,REF000168,Перевод СБП от Кузнецов К.К. по договору,"3 500,00",RUB
19.02.2026 22:57:42,REF000169,Перевод СБП от Сидоров С.С. за работу,"1 500,00",RUB
19.02.2026 19:11:23,REF000170,Перевод СБП от Кузнецов К.К. по договору,"2 500,00",RUB
19.02.2026 12:28:02,REF000171,Перевод СБП от Сидоров С.С. за работу,"3 500,00",RUB
19.02.2026 21:16:14,REF000172,Перевод СБП от Сидоров С.С. за работу,"5 000,00",RUB
19.02.2026 08:09:48,REF000173,Перевод клиенту от Иванов И.И. за услугу,"1 500,00",RUB
19.02.2026 18:51:34,REF000174,Перевод СБП от Кузнецов К.К. по договору,"5 000,00",RUB
19.02.2026 14:35:03,REF000175,Перевод СБП от Кузнецов К.К. по договору,"5 000,00",RUB
19.02.2026 20:34:43,REF000176,Перевод СБП от Кузнецов К.К. по договору,"5 000,00",RUB
19.02.2026 14:30:19,REF000177,Перевод клиенту от Иванов И.И. за услугу,"3 500,00",RUB
19.02.2026 08:32:36,REF000178,Перевод СБП от Петров П.П. оплата товара,"1 500,00",RUB
19.02.2026 21:11:10,REF000179,Перевод СБП от Петров П.П. оплата товара,"1 800,00",RUB
19.02.2026 11:02:27,REF000180,Перевод клиенту от Иванов И.И. за услугу,"3 500,00",RUB
19.02.2026 13:52:40,REF000181,Перевод СБП от Петров П.П. оплата товара,"5 000,00",RUB
19.02.2026 15:20:58,REF000182,Перевод клиенту от Иванов И.И. за услугу,"1 500,00",RUB
19.02.2026 19:35:25,REF000183,Перевод СБП от Сидоров С.С. за работу,"2 500,00",RUB
19.02.2026 23:29:58,REF000184,Перевод клиенту от Иванов И.И. за услугу,"5 000,00",RUB
19.02.2026 23:50:26,REF000185,Перевод клиенту от Иванов И.И. за услугу,"3 500,00",RUB
19.02.2026 11:09:36,REF000186,Перевод клиенту от Иванов И.И. за услугу,"1 500,00",RUB
19.02.2026 10:50:18,REF000187,Перевод СБП от Сидоров С.С. за работу,"3 500,00",RUB
19.02.2026 15:24:41,REF000188,Перевод СБП от Кузнецов К.К. по договору,"5 000,00",RUB
19.02.2026 22:02:11,REF000189,Перевод СБП от Сидоров С.С. за работу,"3 500,00",RUB
19.02.2026 11:39:38,REF000190,Перевод СБП от Кузнецов К.К. по договору,"1 500,00",RUB
19.02.2026 19:56:56,REF000191,Перевод СБП от Сидоров С.С. за работу,"1 800,00",RUB
19.02.2026 08:47:30,REF000192,Перевод СБП от Сидоров С.С. за работу,"2 500,00",RUB
19.02.2026 07:21:52,REF000193,Перевод СБП от Сидоров С.С. за работу,"2 500,00",RUB
19.02.2026 15:53:31,REF000194,Перевод клиенту от Иванов И.И. за услугу,"1 800,00",RUB
19.02.2026 11:19:47,REF000195,Перевод СБП от Кузнецов К.К. по договору,"2 500,00",RUB
19.02.2026 15:46:26,REF000196,Перевод клиенту от Иванов И.И. за услугу,"1 800,00",RUB
19.02.2026 21:13:58,REF000197,Перевод СБП от Кузнецов К.К. по договору,"3 500,00",RUB
19.02.2026 23:55:23,REF000198,Перевод клиенту от Иванов И.И. за услугу,"5 000,00",RUB
19.02.2026 12:04:19,REF000199,Перевод СБП от Кузнецов К.К. по договору,"1 800,00",RUB
19.02.2026 23:56:36,REF000200,Перевод клиенту от Иванов И.И. за услугу,"1 800,00",RUB
19.02.2026 13:56:53,REF000201,Перевод СБП от Петров П.П. оплата товара,"1 500,00",RUB
19.02.2026 14:02:29,REF000202,Перевод клиенту от Иванов И.И. за услугу,"2 500,00",RUB
19.02.2026 13:17:23,REF000203,Перевод СБП от Кузнецов К.К. по договору,"5 000,00",RUB
19.02.2026 19:40:59,REF000204,Перевод клиенту от Иванов И.И. за услугу,"1 500,00",RUB
19.02.2026 14:23:31,REF000205,Перевод СБП от Кузнецов К.К. по договору,"1 800,00",RUB
19.02.2026 22:37:35,REF000206,Перевод СБП от Сидоров С.С. за работу,"2 500,00",RUB
19.02.2026 12:53:57,REF000207,Перевод СБП от Сидоров С.С. за работу,"1 500,00",RUB
19.02.2026 16:01:24,REF000208,Перевод клиенту от Иванов И.И. за услугу,"1 800,00",RUB
19.02.2026 13:54:14,REF000209,Перевод СБП от Петров П.П. оплата товара,"1 800,00",RUB
19.02.2026 15:41:26,REF000210,Перевод клиенту от Иванов И.И. за услугу,"1 500,00",RUB
19.02.2026 22:58:08,REF000211,Перевод СБП от Петров П.П. оплата товара,"5 000,00",RUB
19.02.2026 07:14:16,REF000212,Перевод СБП от Сидоров С.С. за работу,"2 500,00",RUB
19.02.2026 20:57:24,REF000213,Перевод СБП от Сидоров С.С. за работу,"3 500,00",RUB
19.02.2026 15:13:29,REF000214,Перевод СБП от Сидоров С.С. за работу,"5 000,00",RUB
19.02.2026 19:37:06,REF000215,Перевод клиенту от Иванов И.И. за услугу,"5 000,00",RUB
19.02.2026 18:35:41,REF000216,Перевод СБП от Сидоров С.С. за работу,"2 500,00",RUB
19.02.2026 10:30:04,REF000217,Перевод СБП от Сидоров С.С. за работу,"2 500,00",RUB
19.02.2026 17:55:17,REF000218,Перевод СБП от Сидоров С.С. за работу,"2 500,00",RUB
19.02.2026 13:09:33,REF000219,Перевод СБП от Петров П.П. оплата товара,"1 500,00",RUB
19.02.2026 19:42:20,REF000219O,АЗС,"-1 073,00",RUB
19.02.2026 07:41:31,REF000219O,Покупка Wildberries,"-1 562,00",RUB
19.02.2026 20:25:24,REF000219O,АЗС,"-644,00",RUB
19.02.2026 13:21:46,REF000219O,АЗС,"-1 410,00",RUB
20.02.2026 22:58:42,REF000220,Перевод СБП от Сидоров С.С. за работу,"5 000,00",RUB
20.02.2026 16:54:10,REF000221,Перевод СБП от Петров П.П. оплата товара,"2 500,00",RUB
20.02.2026 10:30:08,REF000222,Перевод СБП от Сидоров С.С. за работу,"5 000,00",RUB
20.02.2026 12:43:57,REF000223,Перевод СБП от Сидоров С.С. за работу,"1 500,00",RUB
20.02.2026 14:22:14,REF000224,Перевод СБП от Сидоров С.С. за работу,"3 500,00",RUB
20.02.2026 17:23:16,REF000225,Перевод СБП от Сидоров С.С. за работу,"3 500,00",RUB
20.02.2026 10:30:03,REF000226,Перевод клиенту от Иванов И.И. за услугу,"3 500,00",RUB
20.02.2026 13:32:07,REF000227,Перевод СБП от Кузнецов К.К. по договору,"5 000,00",RUB
20.02.2026 16:26:03,REF000228,Перевод СБП от Петров П.П. оплата товара,"1 800,00",RUB
20.02.2026 13:21:26,REF000229,Перевод СБП от Кузнецов К.К. по договору,"1 800,00",RUB
20.02.2026 17:55:45,REF000230,Перевод СБП от Петров П.П. оплата товара,"1 500,00",RUB
20.02.2026 22:21:40,REF000231,Перевод СБП от Петров П.П. оплата товара,"2 500,00",RUB
20.02.2026 08:00:28,REF000232,Перевод СБП от Сидоров С.С. за работу,"1 800,00",RUB
20.02.2026 12:36:48,REF000233,Перевод СБП от Петров П.П. оплата товара,"3 500,00",RUB
20.02.2026 09:08:39,REF000234,Перевод СБП от Кузнецов К.К. по договору,"3 500,00",RUB
20.02.2026 19:27:30,REF000235,Перевод СБП от Кузнецов К.К. по договору,"1 500,00",RUB
20.02.2026 08:34:12,REF000236,Перевод СБП от Сидоров С.С. за работу,"1 500,00",RUB
20.02.2026 17:48:53,REF000237,Перевод СБП от Петров П.П. оплата товара,"1 500,00",RUB
20.02.2026 07:40:46,REF000238,Перевод СБП от Петров П.П. оплата товара,"1 800,00",RUB
20.02.2026 18:19:08,REF000239,Перевод клиенту от Иванов И.И. за услугу,"3 500,00",RUB
20.02.2026 23:37:19,REF000240,Перевод СБП от Петров П.П. оплата товара,"1 500,00",RUB
20.02.2026 08:19:18,REF000241,Перевод СБП от Кузнецов К.К. по договору,"5 000,00",RUB
20.02.2026 23:21:27,REF000242,Перевод СБП от Петров П.П. оплата товара,"2 500,00",RUB
20.02.2026 22:22:48,REF000243,Перевод СБП от Петров П.П. оплата товара,"1 800,00",RUB
20.02.2026 19:01:14,REF000244,Перевод СБП от Петров П.П. оплата товара,"1 800,00",RUB
20.02.2026 13:46:01,REF000245,Перевод СБП от Петров П.П. оплата товара,"1 500,00",RUB
20.02.2026 18:45:41,REF000246,Перевод клиенту от Иванов И.И. за услугу,"3 500,00",RUB
20.02.2026 15:49:34,REF000247,Перевод клиенту от Иванов И.И. за услугу,"5 000,00",RUB
20.02.2026 08:42:06,REF000248,Перевод клиенту от Иванов И.И. за услугу,"1 500,00",RUB
20.02.2026 10:26:28,REF000249,Перевод СБП от Кузнецов К.К. по договору,"1 500,00",RUB
20.02.2026 15:30:44,REF000250,Перевод СБП от Петров П.П. оплата товара,"1 800,00",RUB
20.02.2026 07:19:26,REF000251,Перевод клиенту от Иванов И.И. за услугу,"5 000,00",RUB
20.02.2026 15:39:38,REF000252,Перевод СБП от Петров П.П. оплата товара,"3 500,00",RUB
20.02.2026 10:32:46,REF000253,Перевод клиенту от Иванов И.И. за услугу,"2 500,00",RUB
20.02.2026 10:50:06,REF000254,Перевод СБП от Кузнецов К.К. по договору,"1 800,00",RUB
20.02.2026 13:49:16,REF000255,Перевод СБП от Петров П.П. оплата товара,"2 500,00",RUB
20.02.2026 20:18:10,REF000256,Перевод клиенту от Иванов И.И. за услугу,"5 000,00",RUB
20.02.2026 22:58:13,REF000257,Перевод СБП от Кузнецов К.К. по договору,"2 500,00",RUB
20.02.2026 14:00:00,REF000258,Перевод клиенту от Иванов И.И. за услугу,"1 500,00",RUB
20.02.2026 22:09:05,REF000259,Перевод клиенту от Иванов И.И. за услугу,"1 500,00",RUB
20.02.2026 15:41:14,REF000260,Перевод СБП от Кузнецов К.К. по договору,"2 500,00",RUB
20.02.2026 15:29:03,REF000261,Перевод клиенту от Иванов И.И. за услугу,"1 800,00",RUB
20.02.2026 08:54:18,REF000262,Перевод СБП от Сидоров С.С. за работу,"2 500,00",RUB
20.02.2026 20:47:07,REF000263,Перевод клиенту от Иванов И.И. за услугу,"1 500,00",RUB
20.02.2026 07:54:08,REF000264,Перевод СБП от Петров П.П. оплата товара,"2 500,00",RUB
20.02.2026 18:57:28,REF000265,Перевод СБП от Сидоров С.С. за работу,"1 500,00",RUB
20.02.2026 17:11:07,REF000265O,Покупка Wildberries,"-2 139,00",RUB
20.02.2026 21:17:53,REF000265O,Покупка Wildberries,"-3 325,00",RUB
20.02.2026 22:51:26,REF000265O,АЗС,"-3 764,00",RUB
21.02.2026 10:08:44,REF000266,Перевод клиенту от Иванов И.И. за услугу,"1 800,00",RUB
21.02.2026 10:26:58,REF000267,Перевод СБП от Кузнецов К.К. по договору,"5 000,00",RUB
21.02.2026 21:11:39,REF000268,Перевод СБП от Кузнецов К.К. по договору,"2 500,00",RUB
21.02.2026 07:55:43,REF000269,Перевод СБП от Петров П.П. оплата товара,"3 500,00",RUB
21.02.2026 22:07:56,REF000270,Перевод СБП от Кузнецов К.К. по договору,"3 500,00",RUB
21.02.2026 08:04:16,REF000271,Перевод СБП от Сидоров С.С. за работу,"1 500,00",RUB
21.02.2026 23:49:47,REF000272,Перевод СБП от Петров П.П. оплата товара,"2 500,00",RUB
21.02.2026 23:33:44,REF000273,Перевод клиенту от Иванов И.И. за услугу,"3 500,00",RUB
21.02.2026 14:30:22,REF000274,Перевод СБП от Кузнецов К.К. по договору,"1 800,00",RUB
21.02.2026 08:00:41,REF000275,Перевод СБП от Петров П.П. оплата товара,"5 000,00",RUB
21.02.2026 22:54:31,REF000276,Перевод СБП от Петров П.П. оплата товара,"1 500,00",RUB
21.02.2026 22:20:15,REF000277,Перевод СБП от Сидоров С.С. за работу,"2 500,00",RUB
21.02.2026 08:32:14,REF000278,Перевод СБП от Кузнецов К.К. по договору,"3 500,00",RUB
21.02.2026 14:05:29,REF000279,Перевод СБП от Кузнецов К.К. по договору,"5 000,00",RUB
21.02.2026 21:05:54,REF000280,Перевод СБП от Кузнецов К.К. по договору,"3 500,00",RUB
21.02.2026 17:07:31,REF000281,Перевод клиенту от Иванов И.И. за услугу,"1 500,00",RUB
21.02.2026 19:26:02,REF000282,Перевод клиенту от Иванов И.И. за услугу,"1 500,00",RUB
21.02.2026 16:56:32,REF000283,Перевод СБП от Петров П.П. оплата товара,"3 500,00",RUB
21.02.2026 17:23:52,REF000284,Перевод клиенту от Иванов И.И. за услугу,"1 800,00",RUB
21.02.2026 21:21:35,REF000285,Перевод СБП от Кузнецов К.К. по договору,"2 500,00",RUB
21.02.2026 21:07:06,REF000286,Перевод СБП от Петров П.П. оплата товара,"1 500,00",RUB
21.02.2026 17:22:53,REF000287,Перевод СБП от Сидоров С.С. за работу,"5 000,00",RUB
21.02.2026 23:23:44,REF000288,Перевод клиенту от Иванов И.И. за услугу,"1 500,00",RUB
21.02.2026 12:31:08,REF000289,Перевод СБП от Кузнецов К.К. по договору,"1 500,00",RUB
21.02.2026 15:39:12,REF000290,Перевод СБП от Петров П.П. оплата товара,"1 500,00",RUB
21.02.2026 19:13:29,REF000291,Перевод СБП от Петров П.П. оплата товара,"2 500,00",RUB
21.02.2026 10:48:26,REF000292,Перевод клиенту от Иванов И.И. за услугу,"5 000,00",RUB
21.02.2026 10:49:57,REF000293,Перевод СБП от Кузнецов К.К. по договору,"3 500,00",RUB
21.02.2026 23:08:31,REF000294,Перевод клиенту от Иванов И.И. за услугу,"5 000,00",RUB
21.02.2026 08:35:59,REF000295,Перевод СБП от Кузнецов К.К. по договору,"5 000,00",RUB
21.02.2026 23:49:58,REF000295O,Покупка Перекрёсток,"-3 333,00",RUB
21.02.2026 12:46:52,REF000295O,Покупка Перекрёсток,"-924,00",RUB
21.02.2026 19:42:38,REF000295O,АЗС,"-1 818,00",RUB
22.02.2026 19:26:38,REF000296,Перевод СБП от Петров П.П. оплата товара,"2 500,00",RUB
22.02.2026 19:21:18,REF000297,Перевод СБП от Кузнецов К.К. по договору,"1 800,00",RUB
22.02.2026 11:26:38,REF000298,Перевод СБП от Сидоров С.С. за работу,"5 000,00",RUB
22.02.2026 17:45:47,REF000299,Перевод СБП от Петров П.П. оплата товара,"1 800,00",RUB
22.02.2026 13:39:45,REF000300,Перевод СБП от Сидоров С.С. за работу,"2 500,00",RUB
22.02.2026 11:45:41,REF000301,Перевод СБП от Петров П.П. оплата товара,"5 000,00",RUB
22.02.2026 17:45:07,REF000302,Перевод СБП от Сидоров С.С. за работу,"5 000,00",RUB
22.02.2026 22:37:36,REF000303,Перевод СБП от Кузнецов К.К. по договору,"5 000,00",RUB
22.02.2026 16:56:54,REF000304,Перевод СБП от Кузнецов К.К. по договору,"1 500,00",RUB
22.02.2026 23:06:01,REF000305,Перевод СБП от Кузнецов К.К. по договору,"1 800,00",RUB
22.02.2026 08:42:03,REF000306,Перевод СБП от Петров П.П. оплата товара,"2 500,00",RUB
22.02.2026 12:18:43,REF000307,Перевод СБП от Сидоров С.С. за работу,"1 800,00",RUB
22.02.2026 08:44:50,REF000308,Перевод СБП от Сидоров С.С. за работу,"1 800,00",RUB
22.02.2026 08:22:52,REF000309,Перевод СБП от Кузнецов К.К. по договору,"1 500,00",RUB
22.02.2026 14:47:41,REF000310,Перевод СБП от Кузнецов К.К. по договору,"1 800,00",RUB
22.02.2026 23:50:50,REF000311,Перевод СБП от Сидоров С.С. за работу,"1 500,00",RUB
22.02.2026 19:24:26,REF000312,Перевод СБП от Сидоров С.С. за работу,"5 000,00",RUB
22.02.2026 08:00:47,REF000313,Перевод СБП от Сидоров С.С. за работу,"1 800,00",RUB
22.02.2026 21:53:14,REF000314,Перевод СБП от Сидоров С.С. за работу,"5 000,00",RUB
22.02.2026 13:49:46,REF000315,Перевод СБП от Петров П.П. оплата товара,"2 500,00",RUB
22.02.2026 21:11:43,REF000316,Перевод клиенту от Иванов И.И. за услугу,"1 800,00",RUB
22.02.2026 12:47:32,REF000317,Перевод клиенту от Иванов И.И. за услугу,"3 500,00",RUB
22.02.2026 08:27:17,REF000318,Перевод СБП от Сидоров С.С. за работу,"1 800,00",RUB
22.02.2026 12:37:54,REF000319,Перевод СБП от Сидоров С.С. за работу,"1 500,00",RUB
22.02.2026 17:29:45,REF000320,Перевод СБП от Петров П.П. оплата товара,"1 500,00",RUB
22.02.2026 11:59:20,REF000321,Перевод клиенту от Иванов И.И. за услугу,"5 000,00",RUB
22.02.2026 16:31:50,REF000322,Перевод СБП от Сидоров С.С. за работу,"1 500,00",RUB
22.02.2026 17:33:14,REF000323,Перевод СБП от Петров П.П. оплата товара,"5 000,00",RUB
22.02.2026 09:50:32,REF000324,Перевод СБП от Петров П.П. оплата товара,"3 500,00",RUB
22.02.2026 19:05:22,REF000325,Перевод СБП от Петров П.П. оплата товара,"1 800,00",RUB
22.02.2026 17:21:23,REF000326,Перевод СБП от Сидоров С.С. за работу,"1 800,00",RUB
22.02.2026 23:30:35,REF000327,Перевод клиенту от Иванов И.И. за услугу,"1 500,00",RUB
22.02.2026 18:28:15,REF000328,Перевод СБП от Петров П.П. оплата товара,"1 500,00",RUB
22.02.2026 17:24:58,REF000329,Перевод клиенту от Иванов И.И. за услугу,"3 500,00",RUB
22.02.2026 15:34:46,REF000330,Перевод СБП от Сидоров С.С. за работу,"1 500,00",RUB
22.02.2026 23:52:49,REF000331,Перевод СБП от Сидоров С.С. за работу,"5 000,00",RUB
22.02.2026 23:28:31,REF000332,Перевод клиенту от Иванов И.И. за услугу,"2 500,00",RUB
22.02.2026 13:20:32,REF000333,Перевод клиенту от Иванов И.И. за услугу,"1 500,00",RUB
22.02.2026 12:49:34,REF000334,Перевод клиенту от Иванов И.И. за услугу,"1 500,00",RUB
22.02.2026 13:42:40,REF000335,Перевод СБП от Петров П.П. оплата товара,"3 500,00",RUB
22.02.2026 10:13:34,REF000336,Перевод СБП от Кузнецов К.К. по договору,"1 500,00",RUB
22.02.2026 11:01:29,REF000336O,АЗС,"-1 858,00",RUB
22.02.2026 08:05:04,REF000336O,Покупка Перекрёсток,"-1 229,00",RUB
22.02.2026 15:35:04,REF000336O,АЗС,"-3 865,00",RUB
22.02.2026 14:58:16,REF000336O,Покупка Wildberries,"-2 089,00",RUB
23.02.2026 19:27:20,REF000337,Перевод клиенту от Иванов И.И. за услугу,"3 500,00",RUB
23.02.2026 10:34:00,REF000338,Перевод клиенту от Иванов И.И. за услугу,"5 000,00",RUB
23.02.2026 08:44:54,REF000339,Перевод клиенту от Иванов И.И. за услугу,"2 500,00",RUB
23.02.2026 23:06:18,REF000340,Перевод СБП от Сидоров С.С. за работу,"5 000,00",RUB
23.02.2026 09:18:48,REF000341,Перевод СБП от Кузнецов К.К. по договору,"3 500,00",RUB
23.02.2026 19:52:42,REF000342,Перевод клиенту от Иванов И.И. за услугу,"3 500,00",RUB
23.02.2026 12:34:14,REF000343,Перевод СБП от Петров П.П. оплата товара,"3 500,00",RUB
23.02.2026 16:40:09,REF000344,Перевод СБП от Сидоров С.С. за работу,"2 500,00",RUB
23.02.2026 07:35:55,REF000345,Перевод СБП от Петров П.П. оплата товара,"1 500,00",RUB
23.02.2026 08:00:36,REF000346,Перевод СБП от Кузнецов К.К. по договору,"5 000,00",RUB
23.02.2026 09:19:13,REF000347,Перевод СБП от Сидоров С.С. за работу,"1 800,00",RUB
23.02.2026 20:57:41,REF000348,Перевод СБП от Петров П.П. оплата товара,"1 800,00",RUB
23.02.2026 12:14:39,REF000349,Перевод СБП от Сидоров С.С. за работу,"1 800,00",RUB
23.02.2026 10:11:42,REF000350,Перевод клиенту от Иванов И.И. за услугу,"5 000,00",RUB
23.02.2026 21:41:35,REF000351,Перевод клиенту от Иванов И.И. за услугу,"2 500,00",RUB
23.02.2026 09:16:06,REF000352,Перевод СБП от Петров П.П. оплата товара,"5 000,00",RUB
23.02.2026 22:21:22,REF000353,Перевод СБП от Петров П.П. оплата товара,"1 800,00",RUB
23.02.2026 10:18:39,REF000354,Перевод клиенту от Иванов И.И. за услугу,"1 800,00",RUB
23.02.2026 17:31:28,REF000355,Перевод СБП от Сидоров С.С. за работу,"5 000,00",RUB
23.02.2026 16:44:37,REF000356,Перевод СБП от Петров П.П. оплата товара,"5 000,00",RUB
23.02.2026 18:51:20,REF000357,Перевод СБП от Кузнецов К.К. по договору,"1 800,00",RUB
23.02.2026 07:20:15,REF000358,Перевод СБП от Петров П.П. оплата товара,"3 500,00",RUB
23.02.2026 15:53:23,REF000359,Перевод СБП от Петров П.П. оплата товара,"2 500,00",RUB
23.02.2026 22:29:28,REF000360,Перевод СБП от Сидоров С.С. за работу,"2 500,00",RUB
23.02.2026 22:35:06,REF000361,Перевод СБП от Петров П.П. оплата товара,"5 000,00",RUB
23.02.2026 09:53:17,REF000362,Перевод СБП от Петров П.П. оплата товара,"5 000,00",RUB
23.02.2026 13:16:46,REF000363,Перевод клиенту от Иванов И.И. за услугу,"1 500,00",RUB
23.02.2026 07:54:32,REF000364,Перевод клиенту от Иванов И.И. за услугу,"5 000,00",RUB
23.02.2026 19:49:37,REF000365,Перевод СБП от Петров П.П. оплата товара,"1 500,00",RUB
23.02.2026 15:34:57,REF000366,Перевод СБП от Кузнецов К.К. по договору,"1 800,00",RUB
23.02.2026 18:25:14,REF000367,Перевод СБП от Сидоров С.С. за работу,"1 800,00",RUB
23.02.2026 21:32:32,REF000368,Перевод клиенту от Иванов И.И. за услугу,"3 500,00",RUB
23.02.2026 18:32:00,REF000369,Перевод СБП от Петров П.П. оплата товара,"5 000,00",RUB
23.02.2026 12:48:32,REF000370,Перевод СБП от Петров П.П. оплата товара,"3 500,00",RUB
23.02.2026 12:11:36,REF000371,Перевод СБП от Петров П.П. оплата товара,"3 500,00",RUB
23.02.2026 18:02:14,REF000372,Перевод СБП от Кузнецов К.К. по договору,"1 800,00",RUB
23.02.2026 09:16:23,REF000373,Перевод СБП от Петров П.П. оплата товара,"1 500,00",RUB
23.02.2026 13:33:58,REF000374,Перевод СБП от Сидоров С.С. за работу,"3 500,00",RUB
23.02.2026 22:58:29,REF000375,Перевод клиенту от Иванов И.И. за услугу,"1 500,00",RUB
23.02.2026 17:06:45,REF000375O,АЗС,"-3 095,00",RUB
23.02.2026 15:53:47,REF000375O,Покупка Wildberries,"-2 870,00",RUB
23.02.2026 12:24:41,REF000375O,Покупка Wildberries,"-1 996,00",RUB
23.02.2026 09:33:16,REF000375O,Покупка Wildberries,"-1 412,00",RUB
24.02.2026 19:22:52,REF000376,Перевод СБП от Сидоров С.С. за работу,"3 500,00",RUB
24.02.2026 22:56:38,REF000377,Перевод клиенту от Иванов И.И. за услугу,"5 000,00",RUB
24.02.2026 11:28:10,REF000378,Перевод СБП от Петров П.П. оплата товара,"1 500,00",RUB
24.02.2026 23:41:17,REF000379,Перевод СБП от Петров П.П. оплата товара,"1 800,00",RUB
24.02.2026 12:10:23,REF000380,Перевод клиенту от Иванов И.И. за услугу,"1 800,00",RUB
24.02.2026 20:51:21,REF000381,Перевод клиенту от Иванов И.И. за услугу,"3 500,00",RUB
24.02.2026 22:30:13,REF000382,Перевод СБП от Петров П.П. оплата товара,"3 500,00",RUB
24.02.2026 07:15:02,REF000383,Перевод СБП от Петров П.П. оплата товара,"5 000,00",RUB
24.02.2026 12:08:40,REF000384,Перевод клиенту от Иванов И.И. за услугу,"5 000,00",RUB
24.02.2026 11:03:10,REF000385,Перевод СБП от Сидоров С.С. за работу,"1 800,00",RUB
24.02.2026 23:25:38,REF000386,Перевод клиенту от Иванов И.И. за услугу,"2 500,00",RUB
24.02.2026 09:13:28,REF000387,Перевод СБП от Кузнецов К.К. по договору,"3 500,00",RUB
24.02.2026 12:14:53,REF000388,Перевод СБП от Кузнецов К.К. по договору,"5 000,00",RUB
24.02.2026 11:50:37,REF000389,Перевод СБП от Петров П.П. оплата товара,"5 000,00",RUB
24.02.2026 23:16:10,REF000390,Перевод СБП от Сидоров С.С. за работу,"3 500,00",RUB
24.02.2026 09:14:24,REF000391,Перевод СБП от Кузнецов К.К. по договору,"1 800,00",RUB
24.02.2026 10:01:12,REF000392,Перевод СБП от Кузнецов К.К. по договору,"1 800,00",RUB
24.02.2026 10:11:30,REF000393,Перевод клиенту от Иванов И.И. за услугу,"5 000,00",RUB
24.02.2026 23:48:07,REF000394,Перевод клиенту от Иванов И.И. за услугу,"3 500,00",RUB
24.02.2026 11:57:38,REF000395,Перевод клиенту от Иванов И.И. за услугу,"3 500,00",RUB
24.02.2026 23:26:23,REF000396,Перевод клиенту от Иванов И.И. за услугу,"5 000,00",RUB
24.02.2026 20:14:51,REF000397,Перевод СБП от Кузнецов К.К. по договору,"3 500,00",RUB
24.02.2026 18:37:51,REF000398,Перевод клиенту от Иванов И.И. за услугу,"3 500,00",RUB
24.02.2026 11:16:30,REF000399,Перевод СБП от Петров П.П. оплата товара,"1 500,00",RUB
24.02.2026 16:38:56,REF000400,Перевод СБП от Кузнецов К.К. по договору,"2 500,00",RUB
24.02.2026 13:00:45,REF000401,Перевод клиенту от Иванов И.И. за услугу,"5 000,00",RUB
24.02.2026 23:07:33,REF000402,Перевод клиенту от Иванов И.И. за услугу,"3 500,00",RUB
24.02.2026 13:44:51,REF000403,Перевод СБП от Сидоров С.С. за работу,"3 500,00",RUB
24.02.2026 18:06:09,REF000404,Перевод СБП от Кузнецов К.К. по договору,"5 000,00",RUB
24.02.2026 15:16:54,REF000405,Перевод СБП от Кузнецов К.К. по договору,"5 000,00",RUB
24.02.2026 18:39:17,REF000406,Перевод СБП от Кузнецов К.К. по договору,"1 800,00",RUB
24.02.2026 20:35:50,REF000407,Перевод СБП от Кузнецов К.К. по договору,"1 800,00",RUB
24.02.2026 18:35:35,REF000408,Перевод СБП от Кузнецов К.К. по договору,"2 500,00",RUB
24.02.2026 16:36:22,REF000409,Перевод СБП от Кузнецов К.К. по договору,"1 800,00",RUB
24.02.2026 10:47:14,REF000410,Перевод СБП от Кузнецов К.К. по договору,"1 800,00",RUB
24.02.2026 10:13:32,REF000411,Перевод СБП от Кузнецов К.К. по договору,"2 500,00",RUB
24.02.2026 08:10:24,REF000412,Перевод клиенту от Иванов И.И. за услугу,"1 500,00",RUB
24.02.2026 11:30:59,REF000413,Перевод СБП от Кузнецов К.К. по договору,"1 500,00",RUB
24.02.2026 09:16:14,REF000414,Перевод СБП от Сидоров С.С. за работу,"1 500,00",RUB
24.02.2026 08:46:24,REF000415,Перевод СБП от Кузнецов К.К. по договору,"5 000,00",RUB
24.02.2026 23:18:45,REF000416,Перевод клиенту от Иванов И.И. за услугу,"1 800,00",RUB
24.02.2026 22:28:00,REF000416O,Покупка Перекрёсток,"-3 983,00",RUB
24.02.2026 23:18:12,REF000416O,Покупка Перекрёсток,"-3 711,00",RUB
24.02.2026 23:33:44,REF000416O,Покупка Перекрёсток,"-3 019,00",RUB
24.02.2026 12:43:02,REF000416O,Покупка Wildberries,"-1 479,00",RUB
25.02.2026 07:10:05,REF000417,Перевод СБП от Сидоров С.С. за работу,"3 500,00",RUB
25.02.2026 18:42:25,REF000418,Перевод СБП от Кузнецов К.К. по договору,"5 000,00",RUB
25.02.2026 13:33:00,REF000419,Перевод клиенту от Иванов И.И. за услугу,"1 500,00",RUB
25.02.2026 16:46:53,REF000420,Перевод СБП от Сидоров С.С. за работу,"2 500,00",RUB
25.02.2026 15:14:38,REF000421,Перевод СБП от Петров П.П. оплата товара,"3 500,00",RUB
25.02.2026 19:36:00,REF000422,Перевод СБП от Сидоров С.С. за работу,"1 800,00",RUB
25.02.2026 20:32:06,REF000423,Перевод клиенту от Иванов И.И. за услугу,"5 000,00",RUB
25.02.2026 16:21:07,REF000424,Перевод СБП от Сидоров С.С. за работу,"5 000,00",RUB
25.02.2026 15:44:28,REF000425,Перевод СБП от Кузнецов К.К. по договору,"5 000,00",RUB
25.02.2026 22:49:15,REF000426,Перевод СБП от Сидоров С.С. за работу,"3 500,00",RUB
25.02.2026 21:57:37,REF000427,Перевод клиенту от Иванов И.И. за услугу,"3 500,00",RUB
25.02.2026 10:16:04,REF000428,Перевод СБП от Кузнецов К.К. по договору,"1 800,00",RUB
25.02.2026 14:51:20,REF000429,Перевод СБП от Кузнецов К.К. по договору,"2 500,00",RUB
25.02.2026 23:34:00,REF000430,Перевод СБП от Сидоров С.С. за работу,"1 800,00",RUB
25.02.2026 16:05:25,REF000431,Перевод СБП от Сидоров С.С. за работу,"1 500,00",RUB
25.02.2026 12:30:20,REF000432,Перевод СБП от Сидоров С.С. за работу,"1 800,00",RUB
25.02.2026 15:11:47,REF000433,Перевод СБП от Петров П.П. оплата товара,"3 500,00",RUB
25.02.2026 13:15:47,REF000434,Перевод СБП от Петров П.П. оплата товара,"2 500,00",RUB
25.02.2026 13:14:12,REF000435,Перевод СБП от Петров П.П. оплата товара,"5 000,00",RUB
25.02.2026 18:09:49,REF000436,Перевод клиенту от Иванов И.И. за услугу,"1 500,00",RUB
25.02.2026 09:43:42,REF000437,Перевод СБП от Кузнецов К.К. по договору,"5 000,00",RUB
25.02.2026 07:48:54,REF000438,Перевод клиенту от Иванов И.И. за услугу,"3 500,00",RUB
25.02.2026 18:39:20,REF000439,Перевод СБП от Кузнецов К.К. по договору,"5 000,00",RUB
25.02.2026 15:31:11,REF000440,Перевод СБП от Сидоров С.С. за работу,"3 500,00",RUB
25.02.2026 14:48:36,REF000441,Перевод СБП от Петров П.П. оплата товара,"1 500,00",RUB
25.02.2026 23:51:27,REF000442,Перевод СБП от Кузнецов К.К. по договору,"5 000,00",RUB
25.02.2026 08:32:22,REF000443,Перевод СБП от Кузнецов К.К. по договору,"1 800,00",RUB
25.02.2026 21:07:44,REF000444,Перевод СБП от Кузнецов К.К. по договору,"2 500,00",RUB
25.02.2026 07:00:43,REF000445,Перевод СБП от Петров П.П. оплата товара,"3 500,00",RUB
25.02.2026 10:20:23,REF000446,Перевод СБП от Сидоров С.С. за работу,"1 800,00",RUB
25.02.2026 15:15:17,REF000447,Перевод СБП от Кузнецов К.К. по договору,"5 000,00",RUB
25.02.2026 17:23:11,REF000448,Перевод СБП от Кузнецов К.К. по договору,"3 500,00",RUB
25.02.2026 13:26:44,REF000449,Перевод СБП от Сидоров С.С. за работу,"2 500,00",RUB
25.02.2026 19:17:28,REF000450,Перевод СБП от Петров П.П. оплата товара,"5 000,00",RUB
25.02.2026 11:36:43,REF000451,Перевод СБП от Петров П.П. оплата товара,"1 500,00",RUB
25.02.2026 15:51:15,REF000452,Перевод СБП от Кузнецов К.К. по договору,"3 500,00",RUB
25.02.2026 13:09:51,REF000453,Перевод СБП от Петров П.П. оплата товара,"3 500,00",RUB
25.02.2026 07:11:26,REF000454,Перевод СБП от Кузнецов К.К. по договору,"1 800,00",RUB
25.02.2026 23:34:46,REF000455,Перевод СБП от Сидоров С.С. за работу,"3 500,00",RUB
25.02.2026 16:16:35,REF000456,Перевод клиенту от Иванов И.И. за услугу,"3 500,00",RUB
25.02.2026 10:44:10,REF000457,Перевод клиенту от Иванов И.И. за услугу,"1 800,00",RUB
25.02.2026 15:30:53,REF000458,Перевод клиенту от Иванов И.И. за услугу,"3 500,00",RUB
25.02.2026 17:16:23,REF000459,Перевод СБП от Сидоров С.С. за работу,"5 000,00",RUB
25.02.2026 15:22:01,REF000460,Перевод СБП от Кузнецов К.К. по договору,"1 500,00",RUB
25.02.2026 18:55:43,REF000461,Перевод СБП от Петров П.П. оплата товара,"5 000,00",RUB
25.02.2026 12:49:18,REF000461O,Покупка Wildberries,"-1 831,00",RUB
25.02.2026 23:31:49,REF000461O,АЗС,"-2 330,00",RUB
25.02.2026 09:24:39,REF000461O,Покупка Wildberries,"-2 399,00",RUB
25.02.2026 11:55:10,REF000461O,АЗС,"-3 808,00",RUB
26.02.2026 17:26:40,REF000462,Перевод СБП от Кузнецов К.К. по договору,"1 500,00",RUB
26.02.2026 09:10:21,REF000463,Перевод СБП от Петров П.П. оплата товара,"2 500,00",RUB
26.02.2026 17:41:18,REF000464,Перевод СБП от Сидоров С.С. за работу,"5 000,00",RUB
26.02.2026 19:17:56,REF000465,Перевод СБП от Кузнецов К.К. по договору,"2 500,00",RUB
26.02.2026 23:28:26,REF000466,Перевод СБП от Петров П.П. оплата товара,"1 800,00",RUB
26.02.2026 07:08:46,REF000467,Перевод СБП от Петров П.П. оплата товара,"2 500,00",RUB
26.02.2026 09:13:10,REF000468,Перевод СБП от Кузнецов К.К. по договору,"1 500,00",RUB
26.02.2026 10:04:59,REF000469,Перевод СБП от Кузнецов К.К. по договору,"5 000,00",RUB
26.02.2026 08:01:49,REF000470,Перевод СБП от Кузнецов К.К. по договору,"5 000,00",RUB
26.02.2026 09:06:16,REF000471,Перевод СБП от Петров П.П. оплата товара,"1 500,00",RUB
26.02.2026 19:19:14,REF000472,Перевод СБП от Петров П.П. оплата товара,"2 500,00",RUB
26.02.2026 21:40:08,REF000473,Перевод СБП от Петров П.П. оплата товара,"5 000,00",RUB
26.02.2026 12:01:02,REF000474,Перевод СБП от Сидоров С.С. за работу,"2 500,00",RUB
26.02.2026 22:29:55,REF000475,Перевод СБП от Сидоров С.С. за работу,"5 000,00",RUB
26.02.2026 21:08:44,REF000476,Перевод СБП от Петров П.П. оплата товара,"5 000,00",RUB
26.02.2026 21:40:47,REF000477,Перевод СБП от Кузнецов К.К. по договору,"5 000,00",RUB
26.02.2026 16:58:22,REF000478,Перевод СБП от Кузнецов К.К. по договору,"5 000,00",RUB
26.02.2026 14:51:05,REF000479,Перевод СБП от Кузнецов К.К. по договору,"2 500,00",RUB
26.02.2026 18:26:16,REF000480,Перевод СБП от Петров П.П. оплата товара,"2 500,00",RUB
26.02.2026 07:00:33,REF000481,Перевод СБП от Петров П.П. оплата товара,"2 500,00",RUB
26.02.2026 16:30:34,REF000482,Перевод клиенту от Иванов И.И. за услугу,"3 500,00",RUB
26.02.2026 22:19:00,REF000483,Перевод СБП от Кузнецов К.К. по договору,"2 500,00",RUB
26.02.2026 14:50:00,REF000484,Перевод СБП от Сидоров С.С. за работу,"1 800,00",RUB
26.02.2026 20:56:35,REF000485,Перевод СБП от Кузнецов К.К. по договору,"3 500,00",RUB
26.02.2026 14:10:45,REF000486,Перевод СБП от Кузнецов К.К. по договору,"3 500,00",RUB
26.02.2026 14:16:05,REF000487,Перевод СБП от Кузнецов К.К. по договору,"1 800,00",RUB
26.02.2026 23:48:51,REF000488,Перевод СБП от Сидоров С.С. за работу,"2 500,00",RUB
26.02.2026 15:26:12,REF000489,Перевод клиенту от Иванов И.И. за услугу,"1 800,00",RUB
26.02.2026 11:18:07,REF000490,Перевод СБП от Кузнецов К.К. по договору,"5 000,00",RUB
26.02.2026 21:17:44,REF000491,Перевод СБП от Кузнецов К.К. по договору,"1 800,00",RUB
26.02.2026 17:01:09,REF000492,Перевод клиенту от Иванов И.И. за услугу,"5 000,00",RUB
26.02.2026 07:11:06,REF000493,Перевод СБП от Сидоров С.С. за работу,"2 500,00",RUB
26.02.2026 11:45:28,REF000494,Перевод клиенту от Иванов И.И. за услугу,"1 800,00",RUB
26.02.2026 09:09:00,REF000495,Перевод СБП от Кузнецов К.К. по договору,"1 800,00",RUB
26.02.2026 17:26:19,REF000496,Перевод СБП от Кузнецов К.К. по договору,"2 500,00",RUB
26.02.2026 21:44:50,REF000497,Перевод клиенту от Иванов И.И. за услугу,"2 500,00",RUB
26.02.2026 09:53:48,REF000498,Перевод СБП от Петров П.П. оплата товара,"1 500,00",RUB
26.02.2026 15:49:25,REF000499,Перевод клиенту от Иванов И.И. за услугу,"5 000,00",RUB
26.02.2026 22:11:12,REF000500,Перевод СБП от Сидоров С.С. за работу,"3 500,00",RUB
26.02.2026 07:07:49,REF000501,Перевод СБП от Петров П.П. оплата товара,"3 500,00",RUB
26.02.2026 21:15:47,REF000502,Перевод клиенту от Иванов И.И. за услугу,"1 800,00",RUB
26.02.2026 21:47:49,REF000503,Перевод клиенту от Иванов И.И. за услугу,"5 000,00",RUB
26.02.2026 13:30:24,REF000504,Перевод СБП от Сидоров С.С. за работу,"2 500,00",RUB
26.02.2026 12:40:46,REF000505,Перевод клиенту от Иванов И.И. за услугу,"5 000,00",RUB
26.02.2026 23:07:16,REF000506,Перевод СБП от Кузнецов К.К. по договору,"2 500,00",RUB
26.02.2026 13:23:56,REF000507,Перевод клиенту от Иванов И.И. за услугу,"1 800,00",RUB
26.02.2026 10:15:40,REF000508,Перевод СБП от Кузнецов К.К. по договору,"2 500,00",RUB
26.02.2026 07:10:50,REF000509,Перевод СБП от Сидоров С.С. за работу,"5 000,00",RUB
26.02.2026 10:25:50,REF000510,Перевод СБП от Петров П.П. оплата товара,"1 500,00",RUB
26.02.2026 08:37:50,REF000511,Перевод СБП от Кузнецов К.К. по договору,"5 000,00",RUB
26.02.2026 11:23:49,REF000512,Перевод клиенту от Иванов И.И. за услугу,"1 800,00",RUB
26.02.2026 12:31:05,REF000513,Перевод СБП от Сидоров С.С. за работу,"1 500,00",RUB
26.02.2026 08:22:41,REF000514,Перевод СБП от Петров П.П. оплата товара,"5 000,00",RUB
26.02.2026 10:08:31,REF000515,Перевод СБП от Петров П.П. оплата товара,"2 500,00",RUB
26.02.2026 18:51:57,REF000515O,Покупка Wildberries,"-3 503,00",RUB
26.02.2026 13:01:44,REF000515O,Покупка Wildberries,"-1 967,00",RUB
26.02.2026 11:16:57,REF000515O,Покупка Перекрёсток,"-2 487,00",RUB
26.02.2026 21:35:18,REF000515O,АЗС,"-3 355,00",RUB
27.02.2026 13:36:11,REF000516,Перевод СБП от Сидоров С.С. за работу,"2 500,00",RUB
27.02.2026 21:17:55,REF000517,Перевод СБП от Петров П.П. оплата товара,"1 500,00",RUB
27.02.2026 23:09:28,REF000518,Перевод СБП от Сидоров С.С. за работу,"2 500,00",RUB
27.02.2026 18:29:00,REF000519,Перевод СБП от Кузнецов К.К. по договору,"1 800,00",RUB
27.02.2026 07:39:54,REF000520,Перевод СБП от Сидоров С.С. за работу,"5 000,00",RUB
27.02.2026 14:20:46,REF000521,Перевод клиенту от Иванов И.И. за услугу,"5 000,00",RUB
27.02.2026 19:12:33,REF000522,Перевод СБП от Кузнецов К.К. по договору,"5 000,00",RUB
27.02.2026 11:39:18,REF000523,Перевод СБП от Сидоров С.С. за работу,"3 500,00",RUB
27.02.2026 17:07:06,REF000524,Перевод клиенту от Иванов И.И. за услугу,"1 500,00",RUB
27.02.2026 11:11:55,REF000525,Перевод клиенту от Иванов И.И. за услугу,"1 800,00",RUB
27.02.2026 10:31:12,REF000526,Перевод клиенту от Иванов И.И. за услугу,"1 500,00",RUB
27.02.2026 19:42:31,REF000527,Перевод СБП от Сидоров С.С. за работу,"1 500,00",RUB
27.02.2026 18:14:38,REF000528,Перевод клиенту от Иванов И.И. за услугу,"1 500,00",RUB
27.02.2026 13:41:31,REF000529,Перевод клиенту от Иванов И.И. за услугу,"3 500,00",RUB
27.02.2026 08:23:35,REF000530,Перевод СБП от Кузнецов К.К. по договору,"2 500,00",RUB
27.02.2026 08:52:39,REF000531,Перевод СБП от Сидоров С.С. за работу,"5 000,00",RUB
27.02.2026 08:46:04,REF000532,Перевод СБП от Сидоров С.С. за работу,"1 500,00",RUB
27.02.2026 13:33:06,REF000533,Перевод клиенту от Иванов И.И. за услугу,"1 800,00",RUB
27.02.2026 19:12:12,REF000534,Перевод СБП от Петров П.П. оплата товара,"5 000,00",RUB
27.02.2026 12:35:47,REF000535,Перевод СБП от Кузнецов К.К. по договору,"1 500,00",RUB
27.02.2026 18:43:29,REF000536,Перевод СБП от Кузнецов К.К. по договору,"1 500,00",RUB
27.02.2026 12:50:11,REF000537,Перевод СБП от Кузнецов К.К. по договору,"5 000,00",RUB
27.02.2026 17:42:10,REF000538,Перевод СБП от Кузнецов К.К. по договору,"2 500,00",RUB
27.02.2026 17:35:20,REF000539,Перевод СБП от Сидоров С.С. за работу,"3 500,00",RUB
27.02.2026 20:52:46,REF000540,Перевод СБП от Сидоров С.С. за работу,"5 000,00",RUB
27.02.2026 14:36:34,REF000541,Перевод СБП от Петров П.П. оплата товара,"3 500,00",RUB
27.02.2026 15:23:28,REF000542,Перевод СБП от Кузнецов К.К. по договору,"3 500,00",RUB
27.02.2026 07:46:02,REF000543,Перевод СБП от Сидоров С.С. за работу,"5 000,00",RUB
27.02.2026 07:33:08,REF000544,Перевод СБП от Сидоров С.С. за работу,"1 500,00",RUB
27.02.2026 16:14:13,REF000545,Перевод СБП от Сидоров С.С. за работу,"1 500,00",RUB
27.02.2026 15:58:35,REF000546,Перевод СБП от Петров П.П. оплата товара,"1 500,00",RUB
27.02.2026 08:29:22,REF000547,Перевод СБП от Петров П.П. оплата товара,"1 800,00",RUB
27.02.2026 15:23:56,REF000548,Перевод СБП от Петров П.П. оплата товара,"1 800,00",RUB
27.02.2026 15:51:19,REF000549,Перевод клиенту от Иванов И.И. за услугу,"5 000,00",RUB
27.02.2026 19:36:58,REF000550,Перевод СБП от Петров П.П. оплата товара,"1 500,00",RUB
27.02.2026 17:50:30,REF000551,Перевод СБП от Петров П.П. оплата товара,"3 500,00",RUB
27.02.2026 10:38:41,REF000552,Перевод СБП от Сидоров С.С. за работу,"1 500,00",RUB
27.02.2026 19:05:49,REF000553,Перевод клиенту от Иванов И.И. за услугу,"2 500,00",RUB
27.02.2026 18:56:52,REF000554,Перевод СБП от Кузнецов К.К. по договору,"3 500,00",RUB
27.02.2026 10:55:49,REF000555,Перевод СБП от Петров П.П. оплата товара,"5 000,00",RUB
27.02.2026 19:03:19,REF000555O,АЗС,"-668,00",RUB
27.02.2026 17:34:36,REF000555O,Покупка Перекрёсток,"-1 838,00",RUB
28.02.2026 14:09:03,REF000556,Перевод СБП от Кузнецов К.К. по договору,"3 500,00",RUB
28.02.2026 23:05:14,REF000557,Перевод СБП от Кузнецов К.К. по договору,"2 500,00",RUB
28.02.2026 19:09:08,REF000558,Перевод СБП от Сидоров С.С. за работу,"1 500,00",RUB
28.02.2026 22:36:47,REF000559,Перевод клиенту от Иванов И.И. за услугу,"5 000,00",RUB
28.02.2026 19:16:05,REF000560,Перевод СБП от Кузнецов К.К. по договору,"5 000,00",RUB
28.02.2026 20:49:44,REF000561,Перевод СБП от Петров П.П. оплата товара,"1 800,00",RUB
28.02.2026 22:35:12,REF000562,Перевод СБП от Кузнецов К.К. по договору,"3 500,00",RUB
28.02.2026 13:35:39,REF000563,Перевод СБП от Петров П.П. оплата товара,"1 800,00",RUB
28.02.2026 09:17:49,REF000564,Перевод СБП от Кузнецов К.К. по договору,"2 500,00",RUB
28.02.2026 09:07:42,REF000565,Перевод СБП от Кузнецов К.К. по договору,"3 500,00",RUB
28.02.2026 18:22:12,REF000566,Перевод СБП от Сидоров С.С. за работу,"2 500,00",RUB
28.02.2026 07:49:19,REF000567,Перевод СБП от Петров П.П. оплата товара,"2 500,00",RUB
28.02.2026 21:39:09,REF000568,Перевод СБП от Кузнецов К.К. по договору,"1 500,00",RUB
28.02.2026 14:12:43,REF000569,Перевод СБП от Сидоров С.С. за работу,"1 800,00",RUB
28.02.2026 09:07:47,REF000570,Перевод клиенту от Иванов И.И. за услугу,"1 800,00",RUB
28.02.2026 11:55:53,REF000571,Перевод СБП от Сидоров С.С. за работу,"1 500,00",RUB
28.02.2026 17:44:51,REF000572,Перевод клиенту от Иванов И.И. за услугу,"2 500,00",RUB
28.02.2026 21:30:01,REF000573,Перевод СБП от Сидоров С.С. за работу,"1 800,00",RUB
28.02.2026 13:13:34,REF000574,Перевод СБП от Сидоров С.С. за работу,"5 000,00",RUB
28.02.2026 22:39:46,REF000575,Перевод СБП от Петров П.П. оплата товара,"1 500,00",RUB
28.02.2026 19:37:57,REF000576,Перевод клиенту от Иванов И.И. за услугу,"2 500,00",RUB
28.02.2026 12:03:18,REF000577,Перевод СБП от Петров П.П. оплата товара,"5 000,00",RUB
28.02.2026 15:03:29,REF000578,Перевод клиенту от Иванов И.И. за услугу,"1 500,00",RUB
28.02.2026 19:42:17,REF000579,Перевод СБП от Сидоров С.С. за работу,"1 500,00",RUB
28.02.2026 07:18:55,REF000580,Перевод СБП от Кузнецов К.К. по договору,"1 800,00",RUB
28.02.2026 19:32:45,REF000581,Перевод клиенту от Иванов И.И. за услугу,"2 500,00",RUB
28.02.2026 22:55:38,REF000582,Перевод клиенту от Иванов И.И. за услугу,"1 800,00",RUB
28.02.2026 13:32:29,REF000583,Перевод клиенту от Иванов И.И. за услугу,"1 500,00",RUB
28.02.2026 14:59:33,REF000584,Перевод СБП от Сидоров С.С. за работу,"2 500,00",RUB
28.02.2026 22:25:47,REF000585,Перевод СБП от Петров П.П. оплата товара,"1 500,00",RUB
28.02.2026 18:43:22,REF000586,Перевод СБП от Сидоров С.С. за работу,"2 500,00",RUB
28.02.2026 14:32:17,REF000587,Перевод клиенту от Иванов И.И. за услугу,"2 500,00",RUB
28.02.2026 19:56:52,REF000588,Перевод клиенту от Иванов И.И. за услугу,"5 000,00",RUB
28.02.2026 15:14:09,REF000589,Перевод СБП от Сидоров С.С. за работу,"3 500,00",RUB
28.02.2026 11:05:46,REF000590,Перевод СБП от Кузнецов К.К. по договору,"5 000,00",RUB
28.02.2026 14:26:15,REF000591,Перевод СБП от Петров П.П. оплата товара,"3 500,00",RUB
28.02.2026 16:58:38,REF000592,Перевод СБП от Сидоров С.С. за работу,"3 500,00",RUB
28.02.2026 11:13:41,REF000593,Перевод СБП от Петров П.П. оплата товара,"5 000,00",RUB
28.02.2026 13:55:08,REF000594,Перевод СБП от Сидоров С.С. за работу,"5 000,00",RUB
28.02.2026 11:27:58,REF000595,Перевод СБП от Петров П.П. оплата товара,"5 000,00",RUB
28.02.2026 12:20:04,REF000596,Перевод клиенту от Иванов И.И. за услугу,"1 800,00",RUB
28.02.2026 11:46:01,REF000596O,Покупка Wildberries,"-2 195,00",RUB
28.02.2026 20:19:28,REF000596O,АЗС,"-3 865,00",RUB
28.02.2026 15:09:49,REF000596O,Покупка Перекрёсток,"-937,00",RUB
01.03.2026 12:01:48,REF000597,Перевод СБП от Сидоров С.С. за работу,"5 000,00",RUB
01.03.2026 14:38:14,REF000598,Перевод СБП от Петров П.П. оплата товара,"1 500,00",RUB
01.03.2026 18:05:44,REF000599,Перевод СБП от Кузнецов К.К. по договору,"1 800,00",RUB
01.03.2026 23:54:38,REF000600,Перевод СБП от Кузнецов К.К. по договору,"2 500,00",RUB
01.03.2026 12:54:24,REF000601,Перевод СБП от Кузнецов К.К. по договору,"3 500,00",RUB
01.03.2026 11:10:12,REF000602,Перевод СБП от Петров П.П. оплата товара,"1 500,00",RUB
01.03.2026 20:48:00,REF000603,Перевод СБП от Сидоров С.С. за работу,"3 500,00",RUB
01.03.2026 14:47:42,REF000604,Перевод СБП от Петров П.П. оплата товара,"1 800,00",RUB
01.03.2026 09:11:59,REF000605,Перевод СБП от Кузнецов К.К. по договору,"5 000,00",RUB
01.03.2026 22:44:20,REF000606,Перевод СБП от Кузнецов К.К. по договору,"1 800,00",RUB
01.03.2026 20:25:49,REF000607,Перевод клиенту от Иванов И.И. за услугу,"5 000,00",RUB
01.03.2026 19:46:20,REF000608,Перевод СБП от Кузнецов К.К. по договору,"5 000,00",RUB
01.03.2026 23:41:56,REF000609,Перевод клиенту от Иванов И.И. за услугу,"5 000,00",RUB
01.03.2026 10:28:29,REF000610,Перевод клиенту от Иванов И.И. за услугу,"1 800,00",RUB
01.03.2026 23:34:25,REF000611,Перевод клиенту от Иванов И.И. за услугу,"5 000,00",RUB
01.03.2026 19:33:48,REF000612,Перевод клиенту от Иванов И.И. за услугу,"1 800,00",RUB
01.03.2026 16:28:25,REF000613,Перевод СБП от Сидоров С.С. за работу,"2 500,00",RUB
01.03.2026 21:10:27,REF000614,Перевод СБП от Сидоров С.С. за работу,"5 000,00",RUB
01.03.2026 08:44:33,REF000615,Перевод СБП от Петров П.П. оплата товара,"3 500,00",RUB
01.03.2026 21:05:46,REF000616,Перевод клиенту от Иванов И.И. за услугу,"1 800,00",RUB
01.03.2026 11:25:26,REF000617,Перевод СБП от Сидоров С.С. за работу,"3 500,00",RUB
01.03.2026 07:11:29,REF000618,Перевод СБП от Петров П.П. оплата товара,"3 500,00",RUB
01.03.2026 09:16:20,REF000619,Перевод СБП от Петров П.П. оплата товара,"1 500,00",RUB
01.03.2026 09:07:45,REF000620,Перевод СБП от Кузнецов К.К. по договору,"2 500,00",RUB
01.03.2026 09:33:45,REF000621,Перевод СБП от Кузнецов К.К. по договору,"5 000,00",RUB
01.03.2026 12:24:35,REF000622,Перевод СБП от Кузнецов К.К. по договору,"1 500,00",RUB
01.03.2026 12:58:21,REF000623,Перевод СБП от Петров П.П. оплата товара,"1 800,00",RUB
01.03.2026 11:11:49,REF000624,Перевод клиенту от Иванов И.И. за услугу,"3 500,00",RUB
01.03.2026 16:19:46,REF000625,Перевод СБП от Кузнецов К.К. по договору,"2 500,00",RUB
01.03.2026 12:07:57,REF000625O,Покупка Перекрёсток,"-1 330,00",RUB
01.03.2026 07:39:48,REF000625O,Покупка Wildberries,"-550,00",RUB
01.03.2026 21:31:54,REF000625O,Покупка Wildberries,"-2 726,00",RUB
01.03.2026 07:38:56,REF000625O,Покупка Wildberries,"-1 474,00",RUB
02.03.2026 22:29:26,REF000626,Перевод СБП от Кузнецов К.К. по договору,"1 500,00",RUB
02.03.2026 07:15:56,REF000627,Перевод СБП от Сидоров С.С. за работу,"5 000,00",RUB
02.03.2026 13:03:11,REF000628,Перевод СБП от Петров П.П. оплата товара,"1 500,00",RUB
02.03.2026 18:02:09,REF000629,Перевод клиенту от Иванов И.И. за услугу,"5 000,00",RUB
02.03.2026 16:21:58,REF000630,Перевод клиенту от Иванов И.И. за услугу,"1 500,00",RUB
02.03.2026 10:26:11,REF000631,Перевод СБП от Петров П.П. оплата товара,"2 500,00",RUB
02.03.2026 12:29:47,REF000632,Перевод СБП от Сидоров С.С. за работу,"1 500,00",RUB
02.03.2026 09:49:19,REF000633,Перевод СБП от Сидоров С.С. за работу,"2 500,00",RUB
02.03.2026 19:52:04,REF000634,Перевод СБП от Кузнецов К.К. по договору,"5 000,00",RUB
02.03.2026 09:18:30,REF000635,Перевод СБП от Петров П.П. оплата товара,"1 500,00",RUB
02.03.2026 15:21:33,REF000636,Перевод СБП от Кузнецов К.К. по договору,"5 000,00",RUB
02.03.2026 13:44:13,REF000637,Перевод клиенту от Иванов И.И. за услугу,"1 500,00",RUB
02.03.2026 23:05:30,REF000638,Перевод СБП от Сидоров С.С. за работу,"3 500,00",RUB
02.03.2026 17:16:33,REF000639,Перевод СБП от Сидоров С.С. за работу,"1 800,00",RUB
02.03.2026 22:33:46,REF000640,Перевод СБП от Кузнецов К.К. по договору,"3 500,00",RUB
02.03.2026 12:56:39,REF000641,Перевод СБП от Петров П.П. оплата товара,"2 500,00",RUB
02.03.2026 13:00:07,REF000642,Перевод клиенту от Иванов И.И. за услугу,"3 500,00",RUB
02.03.2026 10:47:54,REF000643,Перевод СБП от Петров П.П. оплата товара,"5 000,00",RUB
02.03.2026 20:26:02,REF000644,Перевод СБП от Сидоров С.С. за работу,"2 500,00",RUB
02.03.2026 13:00:40,REF000645,Перевод СБП от Петров П.П. оплата товара,"2 500,00",RUB
02.03.2026 15:50:04,REF000646,Перевод СБП от Сидоров С.С. за работу,"2 500,00",RUB
02.03.2026 23:35:20,REF000647,Перевод клиенту от Иванов И.И. за услугу,"1 500,00",RUB
02.03.2026 17:21:25,REF000648,Перевод клиенту от Иванов И.И. за услугу,"1 800,00",RUB
02.03.2026 13:21:53,REF000649,Перевод СБП от Сидоров С.С. за работу,"3 500,00",RUB
02.03.2026 22:51:02,REF000650,Перевод СБП от Петров П.П. оплата товара,"3 500,00",RUB
02.03.2026 11:40:29,REF000651,Перевод СБП от Сидоров С.С. за работу,"3 500,00",RUB
02.03.2026 20:59:47,REF000652,Перевод клиенту от Иванов И.И. за услугу,"5 000,00",RUB
02.03.2026 16:36:46,REF000653,Перевод СБП от Сидоров С.С. за работу,"5 000,00",RUB
02.03.2026 07:13:36,REF000654,Перевод СБП от Сидоров С.С. за работу,"2 500,00",RUB
02.03.2026 09:09:17,REF000655,Перевод клиенту от Иванов И.И. за услугу,"2 500,00",RUB
02.03.2026 19:40:34,REF000656,Перевод СБП от Петров П.П. оплата товара,"5 000,00",RUB
02.03.2026 19:11:38,REF000656O,Покупка Перекрёсток,"-3 704,00",RUB
02.03.2026 16:45:54,REF000656O,Покупка Wildberries,"-3 407,00",RUB
02.03.2026 08:17:26,REF000656O,Покупка Перекрёсток,"-2 535,00",RUB
02.03.2026 14:23:28,REF000656O,Покупка Wildberries,"-1 385,00",RUB
03.03.2026 16:11:07,REF000657,Перевод СБП от Сидоров С.С. за работу,"1 500,00",RUB
03.03.2026 13:58:05,REF000658,Перевод СБП от Кузнецов К.К. по договору,"5 000,00",RUB
03.03.2026 07:51:30,REF000659,Перевод СБП от Петров П.П. оплата товара,"1 800,00",RUB
03.03.2026 17:59:30,REF000660,Перевод СБП от Сидоров С.С. за работу,"2 500,00",RUB
03.03.2026 11:49:55,REF000661,Перевод клиенту от Иванов И.И. за услугу,"5 000,00",RUB
03.03.2026 11:13:46,REF000662,Перевод клиенту от Иванов И.И. за услугу,"3 500,00",RUB
03.03.2026 19:45:55,REF000663,Перевод клиенту от Иванов И.И. за услугу,"1 500,00",RUB
03.03.2026 16:59:02,REF000664,Перевод клиенту от Иванов И.И. за услугу,"2 500,00",RUB
03.03.2026 21:56:02,REF000665,Перевод клиенту от Иванов И.И. за услугу,"5 000,00",RUB
03.03.2026 16:01:36,REF000666,Перевод СБП от Сидоров С.С. за работу,"1 800,00",RUB
03.03.2026 17:12:12,REF000667,Перевод СБП от Сидоров С.С. за работу,"2 500,00",RUB
03.03.2026 17:49:28,REF000668,Перевод клиенту от Иванов И.И. за услугу,"2 500,00",RUB
03.03.2026 11:10:17,REF000669,Перевод клиенту от Иванов И.И. за услугу,"1 500,00",RUB
03.03.2026 23:06:13,REF000670,Перевод СБП от Сидоров С.С. за работу,"5 000,00",RUB
03.03.2026 17:17:09,REF000671,Перевод СБП от Сидоров С.С. за работу,"5 000,00",RUB
03.03.2026 14:10:04,REF000672,Перевод СБП от Сидоров С.С. за работу,"5 000,00",RUB
03.03.2026 17:34:28,REF000673,Перевод клиенту от Иванов И.И. за услугу,"1 800,00",RUB
03.03.2026 07:30:57,REF000674,Перевод клиенту от Иванов И.И. за услугу,"1 500,00",RUB
03.03.2026 19:03:05,REF000675,Перевод СБП от Кузнецов К.К. по договору,"3 500,00",RUB
03.03.2026 12:45:38,REF000676,Перевод СБП от Кузнецов К.К. по договору,"5 000,00",RUB
03.03.2026 18:19:21,REF000677,Перевод СБП от Петров П.П. оплата товара,"5 000,00",RUB
03.03.2026 09:59:48,REF000678,Перевод СБП от Кузнецов К.К. по договору,"5 000,00",RUB
03.03.2026 11:05:52,REF000679,Перевод СБП от Кузнецов К.К. по договору,"1 500,00",RUB
03.03.2026 21:19:43,REF000680,Перевод СБП от Кузнецов К.К. по договору,"3 500,00",RUB
03.03.2026 14:14:09,REF000681,Перевод СБП от Сидоров С.С. за работу,"2 500,00",RUB
03.03.2026 19:11:44,REF000682,Перевод СБП от Сидоров С.С. за работу,"2 500,00",RUB
03.03.2026 21:31:01,REF000683,Перевод клиенту от Иванов И.И. за услугу,"3 500,00",RUB
03.03.2026 10:22:30,REF000684,Перевод СБП от Кузнецов К.К. по договору,"1 800,00",RUB
03.03.2026 16:49:22,REF000685,Перевод СБП от Петров П.П. оплата товара,"5 000,00",RUB
03.03.2026 10:25:52,REF000686,Перевод клиенту от Иванов И.И. за услугу,"2 500,00",RUB
03.03.2026 09:50:19,REF000687,Перевод СБП от Кузнецов К.К. по договору,"3 500,00",RUB
03.03.2026 20:15:39,REF000688,Перевод СБП от Петров П.П. оплата товара,"5 000,00",RUB
03.03.2026 12:30:24,REF000689,Перевод клиенту от Иванов И.И. за услугу,"2 500,00",RUB
03.03.2026 13:52:44,REF000690,Перевод СБП от Кузнецов К.К. по договору,"3 500,00",RUB
03.03.2026 17:34:44,REF000691,Перевод СБП от Петров П.П. оплата товара,"1 800,00",RUB
03.03.2026 09:47:59,REF000692,Перевод СБП от Кузнецов К.К. по договору,"1 500,00",RUB
03.03.2026 21:20:35,REF000693,Перевод клиенту от Иванов И.И. за услугу,"3 500,00",RUB
03.03.2026 12:19:25,REF000694,Перевод клиенту от Иванов И.И. за услугу,"5 000,00",RUB
03.03.2026 10:43:52,REF000695,Перевод СБП от Кузнецов К.К. по договору,"2 500,00",RUB
03.03.2026 22:41:42,REF000696,Перевод клиенту от Иванов И.И. за услугу,"1 500,00",RUB
03.03.2026 13:52:08,REF000697,Перевод клиенту от Иванов И.И. за услугу,"1 800,00",RUB
03.03.2026 11:28:34,REF000697O,Покупка Wildberries,"-2 097,00",RUB
03.03.2026 21:12:13,REF000697O,АЗС,"-1 796,00",RUB
03.03.2026 16:36:50,REF000697O,АЗС,"-1 747,00",RUB
03.03.2026 20:45:58,REF000697O,Покупка Wildberries,"-865,00",RUB
04.03.2026 07:39:32,REF000698,Перевод СБП от Кузнецов К.К. по договору,"1 800,00",RUB
04.03.2026 16:03:23,REF000699,Перевод клиенту от Иванов И.И. за услугу,"1 500,00",RUB
04.03.2026 18:07:55,REF000700,Перевод СБП от Сидоров С.С. за работу,"1 500,00",RUB
04.03.2026 14:27:44,REF000701,Перевод СБП от Кузнецов К.К. по договору,"2 500,00",RUB
04.03.2026 19:25:24,REF000702,Перевод СБП от Кузнецов К.К. по договору,"5 000,00",RUB
04.03.2026 13:42:11,REF000703,Перевод СБП от Кузнецов К.К. по договору,"1 800,00",RUB
04.03.2026 13:35:24,REF000704,Перевод СБП от Сидоров С.С. за работу,"3 500,00",RUB
04.03.2026 11:18:55,REF000705,Перевод СБП от Петров П.П. оплата товара,"1 800,00",RUB
04.03.2026 07:04:41,REF000706,Перевод клиенту от Иванов И.И. за услугу,"1 800,00",RUB
04.03.2026 22:42:27,REF000707,Перевод СБП от Петров П.П. оплата товара,"1 500,00",RUB
04.03.2026 11:41:51,REF000708,Перевод СБП от Кузнецов К.К. по договору,"3 500,00",RUB
04.03.2026 20:39:11,REF000709,Перевод СБП от Кузнецов К.К. по договору,"5 000,00",RUB
04.03.2026 20:35:52,REF000710,Перевод СБП от Кузнецов К.К. по договору,"3 500,00",RUB
04.03.2026 18:14:11,REF000711,Перевод СБП от Кузнецов К.К. по договору,"5 000,00",RUB
04.03.2026 07:36:31,REF000712,Перевод СБП от Петров П.П. оплата товара,"5 000,00",RUB
04.03.2026 15:26:59,REF000713,Перевод СБП от Сидоров С.С. за работу,"1 500,00",RUB
04.03.2026 08:36:30,REF000714,Перевод СБП от Сидоров С.С. за работу,"1 500,00",RUB
04.03.2026 22:44:05,REF000715,Перевод СБП от Петров П.П. оплата товара,"5 000,00",RUB
04.03.2026 15:29:33,REF000716,Перевод клиенту от Иванов И.И. за услугу,"5 000,00",RUB
04.03.2026 09:15:30,REF000717,Перевод клиенту от Иванов И.И. за услугу,"5 000,00",RUB
04.03.2026 16:39:03,REF000718,Перевод СБП от Сидоров С.С. за работу,"5 000,00",RUB
04.03.2026 07:30:29,REF000719,Перевод СБП от Кузнецов К.К. по договору,"5 000,00",RUB
04.03.2026 17:26:22,REF000720,Перевод СБП от Сидоров С.С. за работу,"2 500,00",RUB
04.03.2026 12:02:44,REF000721,Перевод СБП от Сидоров С.С. за работу,"5 000,00",RUB
04.03.2026 15:03:40,REF000722,Перевод СБП от Кузнецов К.К. по договору,"5 000,00",RUB
04.03.2026 12:36:03,REF000723,Перевод СБП от Сидоров С.С. за работу,"5 000,00",RUB
04.03.2026 07:18:31,REF000724,Перевод клиенту от Иванов И.И. за услугу,"1 800,00",RUB
04.03.2026 23:04:54,REF000725,Перевод СБП от Сидоров С.С. за работу,"2 500,00",RUB
04.03.2026 11:39:17,REF000726,Перевод СБП от Сидоров С.С. за работу,"2 500,00",RUB
04.03.2026 07:47:07,REF000727,Перевод СБП от Петров П.П. оплата товара,"5 000,00",RUB
04.03.2026 11:42:28,REF000728,Перевод СБП от Сидоров С.С. за работу,"1 800,00",RUB
04.03.2026 15:50:44,REF000729,Перевод СБП от Петров П.П. оплата товара,"3 500,00",RUB
04.03.2026 12:51:33,REF000730,Перевод клиенту от Иванов И.И. за услугу,"2 500,00",RUB
04.03.2026 09:09:38,REF000731,Перевод СБП от Петров П.П. оплата товара,"3 500,00",RUB
04.03.2026 20:49:24,REF000732,Перевод СБП от Петров П.П. оплата товара,"3 500,00",RUB
04.03.2026 12:13:36,REF000733,Перевод СБП от Сидоров С.С. за работу,"1 500,00",RUB
04.03.2026 15:48:52,REF000734,Перевод клиенту от Иванов И.И. за услугу,"1 500,00",RUB
04.03.2026 12:29:25,REF000735,Перевод СБП от Кузнецов К.К. по договору,"2 500,00",RUB
04.03.2026 22:47:48,REF000736,Перевод СБП от Петров П.П. оплата товара,"3 500,00",RUB
04.03.2026 19:30:16,REF000737,Перевод СБП от Петров П.П. оплата товара,"5 000,00",RUB
04.03.2026 20:00:18,REF000738,Перевод СБП от Кузнецов К.К. по договору,"3 500,00",RUB
04.03.2026 17:33:43,REF000739,Перевод клиенту от Иванов И.И. за услугу,"1 500,00",RUB
04.03.2026 18:54:27,REF000740,Перевод СБП от Сидоров С.С. за работу,"2 500,00",RUB
04.03.2026 15:51:06,REF000740O,Покупка Wildberries,"-3 180,00",RUB
04.03.2026 19:29:49,REF000740O,АЗС,"-3 568,00",RUB
04.03.2026 14:46:43,REF000740O,АЗС,"-3 655,00",RUB
05.03.2026 23:21:43,REF000741,Перевод СБП от Петров П.П. оплата товара,"2 500,00",RUB
05.03.2026 07:43:00,REF000742,Перевод клиенту от Иванов И.И. за услугу,"1 500,00",RUB
05.03.2026 20:06:33,REF000743,Перевод клиенту от Иванов И.И. за услугу,"3 500,00",RUB
05.03.2026 18:14:46,REF000744,Перевод СБП от Сидоров С.С. за работу,"2 500,00",RUB
05.03.2026 13:02:01,REF000745,Перевод клиенту от Иванов И.И. за услугу,"1 500,00",RUB
05.03.2026 13:38:40,REF000746,Перевод клиенту от Иванов И.И. за услугу,"1 500,00",RUB
05.03.2026 09:54:38,REF000747,Перевод СБП от Петров П.П. оплата товара,"3 500,00",RUB
05.03.2026 12:57:07,REF000748,Перевод СБП от Петров П.П. оплата товара,"2 500,00",RUB
05.03.2026 16:29:42,REF000749,Перевод клиенту от Иванов И.И. за услугу,"3 500,00",RUB
05.03.2026 15:49:27,REF000750,Перевод СБП от Сидоров С.С. за работу,"2 500,00",RUB
05.03.2026 12:49:04,REF000751,Перевод СБП от Сидоров С.С. за работу,"1 500,00",RUB
05.03.2026 19:24:21,REF000752,Перевод клиенту от Иванов И.И. за услугу,"2 500,00",RUB
05.03.2026 15:11:28,REF000753,Перевод клиенту от Иванов И.И. за услугу,"3 500,00",RUB
05.03.2026 13:39:25,REF000754,Перевод СБП от Петров П.П. оплата товара,"3 500,00",RUB
05.03.2026 10:09:34,REF000755,Перевод СБП от Кузнецов К.К. по договору,"1 800,00",RUB
05.03.2026 10:58:28,REF000756,Перевод СБП от Сидоров С.С. за работу,"1 500,00",RUB
05.03.2026 08:04:04,REF000757,Перевод СБП от Сидоров С.С. за работу,"3 500,00",RUB
05.03.2026 07:57:31,REF000758,Перевод СБП от Петров П.П. оплата товара,"1 500,00",RUB
05.03.2026 08:42:24,REF000759,Перевод СБП от Сидоров С.С. за работу,"1 800,00",RUB
05.03.2026 17:57:25,REF000760,Перевод клиенту от Иванов И.И. за услугу,"5 000,00",RUB
05.03.2026 22:30:27,REF000761,Перевод СБП от Кузнецов К.К. по договору,"1 500,00",RUB
05.03.2026 14:00:24,REF000762,Перевод СБП от Кузнецов К.К. по договору,"1 500,00",RUB
05.03.2026 18:21:43,REF000763,Перевод СБП от Сидоров С.С. за работу,"3 500,00",RUB
05.03.2026 08:40:41,REF000764,Перевод клиенту от Иванов И.И. за услугу,"2 500,00",RUB
05.03.2026 17:05:53,REF000765,Перевод СБП от Кузнецов К.К. по договору,"2 500,00",RUB
05.03.2026 13:11:35,REF000766,Перевод клиенту от Иванов И.И. за услугу,"3 500,00",RUB
05.03.2026 13:19:44,REF000767,Перевод СБП от Кузнецов К.К. по договору,"1 500,00",RUB
05.03.2026 18:31:05,REF000768,Перевод СБП от Кузнецов К.К. по договору,"1 800,00",RUB
05.03.2026 11:02:12,REF000769,Перевод клиенту от Иванов И.И. за услугу,"5 000,00",RUB
05.03.2026 14:31:24,REF000770,Перевод клиенту от Иванов И.И. за услугу,"5 000,00",RUB
05.03.2026 16:31:34,REF000771,Перевод СБП от Кузнецов К.К. по договору,"1 500,00",RUB
05.03.2026 17:03:21,REF000771O,АЗС,"-675,00",RUB
05.03.2026 19:07:13,REF000771O,АЗС,"-3 233,00",RUB
06.03.2026 21:43:55,REF000772,Перевод СБП от Петров П.П. оплата товара,"5 000,00",RUB
06.03.2026 14:59:04,REF000773,Перевод клиенту от Иванов И.И. за услугу,"1 800,00",RUB
06.03.2026 22:41:01,REF000774,Перевод СБП от Кузнецов К.К. по договору,"5 000,00",RUB
06.03.2026 08:15:44,REF000775,Перевод СБП от Петров П.П. оплата товара,"1 500,00",RUB
06.03.2026 12:40:03,REF000776,Перевод СБП от Сидоров С.С. за работу,"1 500,00",RUB
06.03.2026 21:39:10,REF000777,Перевод клиенту от Иванов И.И. за услугу,"1 500,00",RUB
06.03.2026 10:31:38,REF000778,Перевод СБП от Петров П.П. оплата товара,"1 500,00",RUB
06.03.2026 13:27:21,REF000779,Перевод СБП от Кузнецов К.К. по договору,"2 500,00",RUB
06.03.2026 10:43:36,REF000780,Перевод СБП от Петров П.П. оплата товара,"2 500,00",RUB
06.03.2026 13:48:02,REF000781,Перевод СБП от Петров П.П. оплата товара,"2 500,00",RUB
06.03.2026 09:07:17,REF000782,Перевод СБП от Петров П.П. оплата товара,"3 500,00",RUB
06.03.2026 12:44:23,REF000783,Перевод СБП от Петров П.П. оплата товара,"3 500,00",RUB
06.03.2026 14:59:37,REF000784,Перевод клиенту от Иванов И.И. за услугу,"1 800,00",RUB
06.03.2026 10:50:54,REF000785,Перевод СБП от Кузнецов К.К. по договору,"1 800,00",RUB
06.03.2026 07:56:31,REF000786,Перевод клиенту от Иванов И.И. за услугу,"1 500,00",RUB
06.03.2026 07:11:59,REF000787,Перевод клиенту от Иванов И.И. за услугу,"5 000,00",RUB
06.03.2026 16:26:44,REF000788,Перевод СБП от Кузнецов К.К. по договору,"1 800,00",RUB
06.03.2026 13:09:40,REF000789,Перевод СБП от Сидоров С.С. за работу,"5 000,00",RUB
06.03.2026 21:26:15,REF000790,Перевод СБП от Петров П.П. оплата товара,"5 000,00",RUB
06.03.2026 08:38:11,REF000791,Перевод СБП от Кузнецов К.К. по договору,"5 000,00",RUB
06.03.2026 09:40:52,REF000792,Перевод СБП от Сидоров С.С. за работу,"2 500,00",RUB
06.03.2026 20:00:35,REF000793,Перевод СБП от Петров П.П. оплата товара,"1 800,00",RUB
06.03.2026 10:33:06,REF000794,Перевод СБП от Сидоров С.С. за работу,"5 000,00",RUB
06.03.2026 23:14:29,REF000795,Перевод СБП от Петров П.П. оплата товара,"2 500,00",RUB
06.03.2026 08:12:07,REF000796,Перевод СБП от Петров П.П. оплата товара,"3 500,00",RUB
06.03.2026 22:11:10,REF000797,Перевод клиенту от Иванов И.И. за услугу,"1 500,00",RUB
06.03.2026 18:18:13,REF000798,Перевод СБП от Кузнецов К.К. по договору,"2 500,00",RUB
06.03.2026 17:39:51,REF000799,Перевод СБП от Кузнецов К.К. по договору,"1 500,00",RUB
06.03.2026 10:47:03,REF000800,Перевод СБП от Петров П.П. оплата товара,"1 800,00",RUB
06.03.2026 07:31:32,REF000801,Перевод клиенту от Иванов И.И. за услугу,"1 500,00",RUB
06.03.2026 14:46:28,REF000802,Перевод СБП от Сидоров С.С. за работу,"3 500,00",RUB
06.03.2026 13:47:43,REF000803,Перевод СБП от Сидоров С.С. за работу,"1 800,00",RUB
06.03.2026 10:20:14,REF000804,Перевод клиенту от Иванов И.И. за услугу,"1 800,00",RUB
06.03.2026 20:55:12,REF000805,Перевод СБП от Кузнецов К.К. по договору,"1 800,00",RUB
06.03.2026 09:30:37,REF000806,Перевод СБП от Кузнецов К.К. по договору,"1 500,00",RUB
06.03.2026 20:09:13,REF000807,Перевод СБП от Кузнецов К.К. по договору,"1 800,00",RUB
06.03.2026 19:23:08,REF000808,Перевод СБП от Кузнецов К.К. по договору,"1 800,00",RUB
06.03.2026 18:17:12,REF000809,Перевод СБП от Сидоров С.С. за работу,"1 800,00",RUB
06.03.2026 08:44:36,REF000810,Перевод клиенту от Иванов И.И. за услугу,"2 500,00",RUB
06.03.2026 11:07:54,REF000811,Перевод СБП от Кузнецов К.К. по договору,"3 500,00",RUB
06.03.2026 20:10:48,REF000812,Перевод СБП от Сидоров С.С. за работу,"1 800,00",RUB
06.03.2026 12:50:50,REF000812O,АЗС,"-3 004,00",RUB
06.03.2026 12:36:35,REF000812O,Покупка Перекрёсток,"-854,00",RUB
06.03.2026 20:54:33,REF000812O,Покупка Wildberries,"-1 386,00",RUB
