Дата операции;Дата платежа;Сумма операции;Валюта операции;Сумма платежа;Валюта платежа;Кэшбэк;Категория;MCC;Описание;Бонусы (включая кэшбэк);Округление на инвесткопилку;Сумма операции с округлением
01.02.2026 17:26:44;01.02.2026 22:18:42;-1 000,00;RUB;-1 000,00;RUB;0,00;Переводы;4829;Перевод СБП по номеру телефона;0;0;-1 000,00
01.02.2026 08:29:05;01.02.2026 17:16:20;2 500,00;RUB;2 500,00;RUB;0,00;Переводы;4829;Перевод СБП по номеру телефона;0;0;2 500,00
01.02.2026 19:55:32;01.02.2026 07:42:55;-500,00;RUB;-500,00;RUB;0,00;Переводы;4829;Перевод СБП по номеру телефона;0;0;-500,00
01.02.2026 21:26:03;01.02.2026 13:33:23;3 200,00;RUB;3 200,00;RUB;0,00;Переводы;4829;Перевод СБП по номеру телефона;0;0;3 200,00
01.02.2026 22:40:28;01.02.2026 08:13:17;3 200,00;RUB;3 200,00;RUB;0,00;Переводы;4829;Перевод СБП по номеру телефона;0;0;3 200,00
01.02.2026 11:59:18;01.02.2026 21:56:44;3 200,00;RUB;3 200,00;RUB;0,00;Переводы;4829;Перевод СБП по номеру телефона;0;0;3 200,00
01.02.2026 10:01:40;01.02.2026 14:45:10;2 500,00;RUB;2 500,00;RUB;0,00;Переводы;4829;Перевод СБП по номеру телефона;0;0;2 500,00
01.02.2026 07:35:26;01.02.2026 09:14:53;-1 500,00;RUB;-1 500,00;RUB;0,00;Переводы;4829;Перевод СБП по номеру телефона;0;0;-1 500,00
02.02.2026 11:31:59;02.02.2026 16:32:45;-500,00;RUB;-500,00;RUB;0,00;Переводы;4829;Перевод СБП по номеру телефона;0;0;-500,00
02.02.2026 20:53:30;02.02.2026 22:15:29;-1 500,00;RUB;-1 500,00;RUB;0,00;Переводы;4829;Перевод СБП по номеру телефона;0;0;-1 500,00
02.02.2026 11:24:12;02.02.2026 23:47:56;3 200,00;RUB;3 200,00;RUB;0,00;Переводы;4829;Перевод СБП по номеру телефона;0;0;3 200,00
02.02.2026 09:17:49;02.02.2026 20:21:59;-1 000,00;RUB;-1 000,00;RUB;0,00;Переводы;4829;Перевод СБП по номеру телефона;0;0;-1 000,00
02.02.2026 15:52:00;02.02.2026 16:46:19;3 200,00;RUB;3 200,00;RUB;0,00;Переводы;4829;Перевод СБП по номеру телефона;0;0;3 200,00
02.02.2026 22:55:09;02.02.2026 21:34:30;3 200,00;RUB;3 200,00;RUB;0,00;Переводы;4829;Перевод СБП по номеру телефона;0;0;3 200,00
02.02.2026 17:35:48;02.02.2026 19:29:59;-1 500,00;RUB;-1 500,00;RUB;0,00;Переводы;4829;Перевод СБП по номеру телефона;0;0;-1 500,00
02.02.2026 13:44:15;02.02.2026 19:14:54;-1 500,00;RUB;-1 500,00;RUB;0,00;Переводы;4829;Перевод СБП по номеру телефона;0;0;-1 500,00
02.02.2026 08:20:47;02.02.2026 22:45:58;2 500,00;RUB;2 500,00;RUB;0,00;Переводы;4829;Перевод СБП по номеру телефона;0;0;2 500,00
02.02.2026 19:42:50;02.02.2026 11:31:02;2 500,00;RUB;2 500,00;RUB;0,00;Переводы;4829;Перевод СБП по номеру телефона;0;0;2 500,00
02.02.2026 23:37:21;02.02.2026 10:55:54;-1 000,00;RUB;-1 000,00;RUB;0,00;Переводы;4829;Перевод СБП по номеру телефона;0;0;-1 000,00
03.02.2026 07:46:09;03.02.2026 20:55:41;2 500,00;RUB;2 500,00;RUB;0,00;Переводы;4829;Перевод СБП по номеру телефона;0;0;2 500,00
03.02.2026 09:30:50;03.02.2026 15:21:39;-1 000,00;RUB;-1 000,00;RUB;0,00;Переводы;4829;Перевод СБП по номеру телефона;0;0;-1 000,00
03.02.2026 19:41:05;03.02.2026 17:54:43;-7 000,00;RUB;-7 000,00;RUB;0,00;Переводы;4829;Перевод СБП по номеру телефона;0;0;-7 000,00
03.02.2026 19:20:40;03.02.2026 22:55:34;3 200,00;RUB;3 200,00;RUB;0,00;Переводы;4829;Перевод СБП по номеру телефона;0;0;3 200,00
03.02.2026 09:15:40;03.02.2026 16:14:47;-500,00;RUB;-500,00;RUB;0,00;Переводы;4829;Перевод СБП по номеру телефона;0;0;-500,00
03.02.2026 20:06:48;03.02.2026 10:28:10;-500,00;RUB;-500,00;RUB;0,00;Переводы;4829;Перевод СБП по номеру телефона;0;0;-500,00
03.02.2026 16:57:01;03.02.2026 08:20:50;-7 000,00;RUB;-7 000,00;RUB;0,00;Переводы;4829;Перевод СБП по номеру телефона;0;0;-7 000,00
03.02.2026 16:22:23;03.02.2026 20:09:15;-500,00;RUB;-500,00;RUB;0,00;Переводы;4829;Перевод СБП по номеру телефона;0;0;-500,00
03.02.2026 20:36:43;03.02.2026 12:10:11;3 200,00;RUB;3 200,00;RUB;0,00;Переводы;4829;Перевод СБП по номеру телефона;0;0;3 200,00
03.02.2026 19:39:43;03.02.2026 14:31:58;-500,00;RUB;-500,00;RUB;0,00;Переводы;4829;Перевод СБП по номеру телефона;0;0;-500,00
03.02.2026 11:14:29;03.02.2026 15:29:16;3 200,00;RUB;3 200,00;RUB;0,00;Переводы;4829;Перевод СБП по номеру телефона;0;0;3 200,00
03.02.2026 07:57:51;03.02.2026 21:57:18;-7 000,00;RUB;-7 000,00;RUB;0,00;Переводы;4829;Перевод СБП по номеру телефона;0;0;-7 000,00
04.02.2026 21:22:37;04.02.2026 16:40:27;-500,00;RUB;-500,00;RUB;0,00;Переводы;4829;Перевод СБП по номеру телефона;0;0;-500,00
04.02.2026 15:29:54;04.02.2026 16:12:24;-7 000,00;RUB;-7 000,00;RUB;0,00;Переводы;4829;Перевод СБП по номеру телефона;0;0;-7 000,00
04.02.2026 10:15:24;04.02.2026 18:36:18;2 500,00;RUB;2 500,00;RUB;0,00;Переводы;4829;Перевод СБП по номеру телефона;0;0;2 500,00
04.02.2026 16:01:53;04.02.2026 19:17:00;-7 000,00;RUB;-7 000,00;RUB;0,00;Переводы;4829;Перевод СБП по номеру телефона;0;0;-7 000,00
04.02.2026 08:58:38;04.02.2026 22:53:57;3 200,00;RUB;3 200,00;RUB;0,00;Переводы;4829;Перевод СБП по номеру телефона;0;0;3 200,00
04.02.2026 14:38:51;04.02.2026 18:14:40;-1 500,00;RUB;-1 500,00;RUB;0,00;Переводы;4829;Перевод СБП по номеру телефона;0;0;-1 500,00
04.02.2026 15:43:48;04.02.2026 11:40:06;-1 000,00;RUB;-1 000,00;RUB;0,00;Переводы;4829;Перевод СБП по номеру телефона;0;0;-1 000,00
04.02.2026 08:19:50;04.02.2026 21:02:37;-7 000,00;RUB;-7 000,00;RUB;0,00;Переводы;4829;Перевод СБП по номеру телефона;0;0;-7 000,00
04.02.2026 11:05:58;04.02.2026 16:20:47;-1 500,00;RUB;-1 500,00;RUB;0,00;Переводы;4829;Перевод СБП по номеру телефона;0;0;-1 500,00
05.02.2026 18:33:32;05.02.2026 15:53:10;-1 000,00;RUB;-1 000,00;RUB;0,00;Переводы;4829;Перевод СБП по номеру телефона;0;0;-1 000,00
05.02.2026 22:51:18;05.02.2026 17:51:07;-1 500,00;RUB;-1 500,00;RUB;0,00;Переводы;4829;Перевод СБП по номеру телефона;0;0;-1 500,00
05.02.2026 09:09:48;05.02.2026 14:55:43;2 500,00;RUB;2 500,00;RUB;0,00;Переводы;4829;Перевод СБП по номеру телефона;0;0;2 500,00
05.02.2026 19:54:51;05.02.2026 18:05:50;-7 000,00;RUB;-7 000,00;RUB;0,00;Переводы;4829;Перевод СБП по номеру телефона;0;0;-7 000,00
05.02.2026 07:16:34;05.02.2026 10:29:23;2 500,00;RUB;2 500,00;RUB;0,00;Переводы;4829;Перевод СБП по номеру телефона;0;0;2 500,00
05.02.2026 15:37:24;05.02.2026 18:06:43;-7 000,00;RUB;-7 000,00;RUB;0,00;Переводы;4829;Перевод СБП по номеру телефона;0;0;-7 000,00
05.02.2026 22:01:39;05.02.2026 17:58:39;-1 000,00;RUB;-1 000,00;RUB;0,00;Переводы;4829;Перевод СБП по номеру телефона;0;0;-1 000,00
05.02.2026 09:40:52;05.02.2026 21:58:44;-1 000,00;RUB;-1 000,00;RUB;0,00;Переводы;4829;Перевод СБП по номеру телефона;0;0;-1 000,00
05.02.2026 20:07:08;05.02.2026 08:02:19;-1 500,00;RUB;-1 500,00;RUB;0,00;Переводы;4829;Перевод СБП по номеру телефона;0;0;-1 500,00
06.02.2026 14:56:34;06.02.2026 11:24:29;-500,00;RUB;-500,00;RUB;0,00;Переводы;4829;Перевод СБП по номеру телефона;0;0;-500,00
06.02.2026 20:37:47;06.02.2026 11:56:26;-1 500,00;RUB;-1 500,00;RUB;0,00;Переводы;4829;Перевод СБП по номеру телефона;0;0;-1 500,00
06.02.2026 10:53:31;06.02.2026 20:17:02;-7 000,00;RUB;-7 000,00;RUB;0,00;Переводы;4829;Перевод СБП по номеру телефона;0;0;-7 000,00
06.02.2026 18:13:28;06.02.2026 21:15:54;-7 000,00;RUB;-7 000,00;RUB;0,00;Переводы;4829;Перевод СБП по номеру телефона;0;0;-7 000,00
06.02.2026 10:43:23;06.02.2026 18:03:25;-1 500,00;RUB;-1 500,00;RUB;0,00;Переводы;4829;Перевод СБП по номеру телефона;0;0;-1 500,00
06.02.2026 13:07:54;06.02.2026 21:05:42;-1 500,00;RUB;-1 500,00;RUB;0,00;Переводы;4829;Перевод СБП по номеру телефона;0;0;-1 500,00
06.02.2026 07:03:50;06.02.2026 17:15:08;-1 000,00;RUB;-1 000,00;RUB;0,00;Переводы;4829;Перевод СБП по номеру телефона;0;0;-1 000,00
06.02.2026 13:04:53;06.02.2026 13:37:13;3 200,00;RUB;3 200,00;RUB;0,00;Переводы;4829;Перевод СБП по номеру телефона;0;0;3 200,00
07.02.2026 11:50:57;07.02.2026 07:17:54;-1 500,00;RUB;-1 500,00;RUB;0,00;Переводы;4829;Перевод СБП по номеру телефона;0;0;-1 500,00
07.02.2026 11:34:16;07.02.2026 12:07:42;-1 000,00;RUB;-1 000,00;RUB;0,00;Переводы;4829;Перевод СБП по номеру телефона;0;0;-1 000,00
07.02.2026 11:00:22;07.02.2026 14:37:20;-500,00;RUB;-500,00;RUB;0,00;Переводы;4829;Перевод СБП по номеру телефона;0;0;-500,00
07.02.2026 12:16:03;07.02.2026 11:47:26;-500,00;RUB;-500,00;RUB;0,00;Переводы;4829;Перевод СБП по номеру телефона;0;0;-500,00
07.02.2026 10:47:04;07.02.2026 22:28:49;3 200,00;RUB;3 200,00;RUB;0,00;Переводы;4829;Перевод СБП по номеру телефона;0;0;3 200,00
07.02.2026 23:37:06;07.02.2026 21:32:14;-1 500,00;RUB;-1 500,00;RUB;0,00;Переводы;4829;Перевод СБП по номеру телефона;0;0;-1 500,00
07.02.2026 08:46:50;07.02.2026 23:19:29;3 200,00;RUB;3 200,00;RUB;0,00;Переводы;4829;Перевод СБП по номеру телефона;0;0;3 200,00
07.02.2026 07:03:30;07.02.2026 19:27:43;-7 000,00;RUB;-7 000,00;RUB;0,00;Переводы;4829;Перевод СБП по номеру телефона;0;0;-7 000,00
07.02.2026 22:45:58;07.02.2026 21:04:57;-500,00;RUB;-500,00;RUB;0,00;Переводы;4829;Перевод СБП по номеру телефона;0;0;-500,00
07.02.2026 11:04:08;07.02.2026 15:39:40;-2 000,00;RUB;-2 000,00;RUB;0,00;Супермаркеты;5411;Покупка Магнит;0;0;-2 000,00
08.02.2026 17:24:38;08.02.2026 23:18:29;3 200,00;RUB;3 200,00;RUB;0,00;Переводы;4829;Перевод СБП по номеру телефона;0;0;3 200,00
08.02.2026 20:06:50;08.02.2026 10:54:41;3 200,00;RUB;3 200,00;RUB;0,00;Переводы;4829;Перевод СБП по номеру телефона;0;0;3 200,00
08.02.2026 13:27:28;08.02.2026 14:26:21;-7 000,00;RUB;-7 000,00;RUB;0,00;Переводы;4829;Перевод СБП по номеру телефона;0;0;-7 000,00
08.02.2026 19:26:46;08.02.2026 10:20:27;2 500,00;RUB;2 500,00;RUB;0,00;Переводы;4829;Перевод СБП по номеру телефона;0;0;2 500,00
08.02.2026 15:23:09;08.02.2026 22:04:05;-1 500,00;RUB;-1 500,00;RUB;0,00;Переводы;4829;Перевод СБП по номеру телефона;0;0;-1 500,00
08.02.2026 09:27:06;08.02.2026 18:51:08;-500,00;RUB;-500,00;RUB;0,00;Переводы;4829;Перевод СБП по номеру телефона;0;0;-500,00
08.02.2026 08:37:35;08.02.2026 17:42:07;3 200,00;RUB;3 200,00;RUB;0,00;Переводы;4829;Перевод СБП по номеру телефона;0;0;3 200,00
08.02.2026 18:55:42;08.02.2026 20:55:58;2 500,00;RUB;2 500,00;RUB;0,00;Переводы;4829;Перевод СБП по номеру телефона;0;0;2 500,00
08.02.2026 08:18:38;08.02.2026 16:22:06;-7 000,00;RUB;-7 000,00;RUB;0,00;Переводы;4829;Перевод СБП по номеру телефона;0;0;-7 000,00
08.02.2026 23:13:09;08.02.2026 22:14:54;3 200,00;RUB;3 200,00;RUB;0,00;Переводы;4829;Перевод СБП по номеру телефона;0;0;3 200,00
08.02.2026 18:54:35;08.02.2026 18:07:48;-500,00;RUB;-500,00;RUB;0,00;Переводы;4829;Перевод СБП по номеру телефона;0;0;-500,00
08.02.2026 14:51:27;08.02.2026 07:38:59;-1 500,00;RUB;-1 500,00;RUB;0,00;Переводы;4829;Перевод СБП по номеру телефона;0;0;-1 500,00
09.02.2026 07:11:17;09.02.2026 16:58:21;-1 500,00;RUB;-1 500,00;RUB;0,00;Переводы;4829;Перевод СБП по номеру телефона;0;0;-1 500,00
09.02.2026 07:11:55;09.02.2026 11:36:42;-1 500,00;RUB;-1 500,00;RUB;0,00;Переводы;4829;Перевод СБП по номеру телефона;0;0;-1 500,00
09.02.2026 09:09:47;09.02.2026 07:05:47;2 500,00;RUB;2 500,00;RUB;0,00;Переводы;4829;Перевод СБП по номеру телефона;0;0;2 500,00
09.02.2026 13:24:26;09.02.2026 21:21:10;3 200,00;RUB;3 200,00;RUB;0,00;Переводы;4829;Перевод СБП по номеру телефона;0;0;3 200,00
09.02.2026 16:46:20;09.02.2026 09:56:03;-1 500,00;RUB;-1 500,00;RUB;0,00;Переводы;4829;Перевод СБП по номеру телефона;0;0;-1 500,00
09.02.2026 12:48:39;09.02.2026 08:43:05;-1 000,00;RUB;-1 000,00;RUB;0,00;Переводы;4829;Перевод СБП по номеру телефона;0;0;-1 000,00
09.02.2026 21:42:27;09.02.2026 22:38:28;-1 500,00;RUB;-1 500,00;RUB;0,00;Переводы;4829;Перевод СБП по номеру телефона;0;0;-1 500,00
09.02.2026 15:13:48;09.02.2026 23:07:22;2 500,00;RUB;2 500,00;RUB;0,00;Переводы;4829;Перевод СБП по номеру телефона;0;0;2 500,00
09.02.2026 10:18:43;09.02.2026 22:33:42;2 500,00;RUB;2 500,00;RUB;0,00;Переводы;4829;Перевод СБП по номеру телефона;0;0;2 500,00
09.02.2026 08:14:25;09.02.2026 08:00:13;-1 500,00;RUB;-1 500,00;RUB;0,00;Переводы;4829;Перевод СБП по номеру телефона;0;0;-1 500,00
09.02.2026 13:49:08;09.02.2026 15:18:20;-1 500,00;RUB;-1 500,00;RUB;0,00;Переводы;4829;Перевод СБП по номеру телефона;0;0;-1 500,00
09.02.2026 07:31:47;09.02.2026 20:11:08;-500,00;RUB;-500,00;RUB;0,00;Переводы;4829;Перевод СБП по номеру телефона;0;0;-500,00
09.02.2026 14:32:35;09.02.2026 18:04:25;2 500,00;RUB;2 500,00;RUB;0,00;Переводы;4829;Перевод СБП по номеру телефона;0;0;2 500,00
10.02.2026 07:29:58;10.02.2026 09:55:20;2 500,00;RUB;2 500,00;RUB;0,00;Переводы;4829;Перевод СБП по номеру телефона;0;0;2 500,00
10.02.2026 20:36:25;10.02.2026 20:18:07;3 200,00;RUB;3 200,00;RUB;0,00;Переводы;4829;Перевод СБП по номеру телефона;0;0;3 200,00
10.02.2026 07:20:10;10.02.2026 21:53:44;2 500,00;RUB;2 500,00;RUB;0,00;Переводы;4829;Перевод СБП по номеру телефона;0;0;2 500,00
10.02.2026 09:27:54;10.02.2026 10:15:27;-1 500,00;RUB;-1 500,00;RUB;0,00;Переводы;4829;Перевод СБП по номеру телефона;0;0;-1 500,00
10.02.2026 19:33:05;10.02.2026 19:55:19;3 200,00;RUB;3 200,00;RUB;0,00;Переводы;4829;Перевод СБП по номеру телефона;0;0;3 200,00
10.02.2026 17:14:21;10.02.2026 12:04:32;-7 000,00;RUB;-7 000,00;RUB;0,00;Переводы;4829;Перевод СБП по номеру телефона;0;0;-7 000,00
10.02.2026 10:33:32;10.02.2026 13:57:49;-7 000,00;RUB;-7 000,00;RUB;0,00;Переводы;4829;Перевод СБП по номеру телефона;0;0;-7 000,00
10.02.2026 18:46:52;10.02.2026 11:15:06;-1 500,00;RUB;-1 500,00;RUB;0,00;Переводы;4829;Перевод СБП по номеру телефона;0;0;-1 500,00
10.02.2026 13:11:38;10.02.2026 11:48:48;-2 000,00;RUB;-2 000,00;RUB;0,00;Супермаркеты;5411;Покупка Магнит;0;0;-2 000,00
11.02.2026 12:49:40;11.02.2026 22:29:48;-500,00;RUB;-500,00;RUB;0,00;Переводы;4829;Перевод СБП по номеру телефона;0;0;-500,00
11.02.2026 21:43:59;11.02.2026 17:55:40;3 200,00;RUB;3 200,00;RUB;0,00;Переводы;4829;Перевод СБП по номеру телефона;0;0;3 200,00
11.02.2026 11:28:04;11.02.2026 22:28:40;-1 500,00;RUB;-1 500,00;RUB;0,00;Переводы;4829;Перевод СБП по номеру телефона;0;0;-1 500,00
11.02.2026 15:37:03;11.02.2026 18:32:04;-1 500,00;RUB;-1 500,00;RUB;0,00;Переводы;4829;Перевод СБП по номеру телефона;0;0;-1 500,00
11.02.2026 21:28:02;11.02.2026 08:23:53;-1 500,00;RUB;-1 500,00;RUB;0,00;Переводы;4829;Перевод СБП по номеру телефона;0;0;-1 500,00
11.02.2026 09:41:55;11.02.2026 09:39:38;-1 500,00;RUB;-1 500,00;RUB;0,00;Переводы;4829;Перевод СБП по номеру телефона;0;0;-1 500,00
11.02.2026 19:29:37;11.02.2026 08:28:58;3 200,00;RUB;3 200,00;RUB;0,00;Переводы;4829;Перевод СБП по номеру телефона;0;0;3 200,00
11.02.2026 13:20:38;11.02.2026 22:32:09;3 200,00;RUB;3 200,00;RUB;0,00;Переводы;4829;Перевод СБП по номеру телефона;0;0;3 200,00
11.02.2026 21:06:51;11.02.2026 17:45:05;-500,00;RUB;-500,00;RUB;0,00;Переводы;4829;Перевод СБП по номеру телефона;0;0;-500,00
11.02.2026 12:02:15;11.02.2026 21:28:33;3 200,00;RUB;3 200,00;RUB;0,00;Переводы;4829;Перевод СБП по номеру телефона;0;0;3 200,00
11.02.2026 12:23:23;11.02.2026 16:24:26;3 200,00;RUB;3 200,00;RUB;0,00;Переводы;4829;Перевод СБП по номеру телефона;0;0;3 200,00
11.02.2026 08:50:40;11.02.2026 17:04:21;-1 500,00;RUB;-1 500,00;RUB;0,00;Переводы;4829;Перевод СБП по номеру телефона;0;0;-1 500,00
11.02.2026 19:18:16;11.02.2026 11:21:05;-500,00;RUB;-500,00;RUB;0,00;Переводы;4829;Перевод СБП по номеру телефона;0;0;-500,00
12.02.2026 16:41:44;12.02.2026 19:08:38;-1 500,00;RUB;-1 500,00;RUB;0,00;Переводы;4829;Перевод СБП по номеру телефона;0;0;-1 500,00
12.02.2026 09:19:35;12.02.2026 19:41:50;-7 000,00;RUB;-7 000,00;RUB;0,00;Переводы;4829;Перевод СБП по номеру телефона;0;0;-7 000,00
12.02.2026 11:42:44;12.02.2026 23:05:41;-1 500,00;RUB;-1 500,00;RUB;0,00;Переводы;4829;Перевод СБП по номеру телефона;0;0;-1 500,00
12.02.2026 20:32:23;12.02.2026 07:23:19;-7 000,00;RUB;-7 000,00;RUB;0,00;Переводы;4829;Перевод СБП по номеру телефона;0;0;-7 000,00
12.02.2026 13:21:49;12.02.2026 22:12:14;-1 000,00;RUB;-1 000,00;RUB;0,00;Переводы;4829;Перевод СБП по номеру телефона;0;0;-1 000,00
12.02.2026 11:04:18;12.02.2026 10:32:49;-1 000,00;RUB;-1 000,00;RUB;0,00;Переводы;4829;Перевод СБП по номеру телефона;0;0;-1 000,00
12.02.2026 23:02:42;12.02.2026 17:56:49;3 200,00;RUB;3 200,00;RUB;0,00;Переводы;4829;Перевод СБП по номеру телефона;0;0;3 200,00
12.02.2026 11:38:24;12.02.2026 11:10:11;3 200,00;RUB;3 200,00;RUB;0,00;Переводы;4829;Перевод СБП по номеру телефона;0;0;3 200,00
12.02.2026 12:46:28;12.02.2026 08:26:23;-7 000,00;RUB;-7 000,00;RUB;0,00;Переводы;4829;Перевод СБП по номеру телефона;0;0;-7 000,00
13.02.2026 16:48:47;13.02.2026 21:14:34;2 500,00;RUB;2 500,00;RUB;0,00;Переводы;4829;Перевод СБП по номеру телефона;0;0;2 500,00
13.02.2026 16:51:50;13.02.2026 22:57:53;-1 000,00;RUB;-1 000,00;RUB;0,00;Переводы;4829;Перевод СБП по номеру телефона;0;0;-1 000,00
13.02.2026 18:43:36;13.02.2026 21:29:49;-1 000,00;RUB;-1 000,00;RUB;0,00;Переводы;4829;Перевод СБП по номеру телефона;0;0;-1 000,00
13.02.2026 19:32:33;13.02.2026 20:10:52;-1 500,00;RUB;-1 500,00;RUB;0,00;Переводы;4829;Перевод СБП по номеру телефона;0;0;-1 500,00
13.02.2026 11:55:16;13.02.2026 08:41:30;-1 000,00;RUB;-1 000,00;RUB;0,00;Переводы;4829;Перевод СБП по номеру телефона;0;0;-1 000,00
13.02.2026 10:45:54;13.02.2026 23:54:07;-1 500,00;RUB;-1 500,00;RUB;0,00;Переводы;4829;Перевод СБП по номеру телефона;0;0;-1 500,00
13.02.2026 09:48:10;13.02.2026 15:28:57;-1 500,00;RUB;-1 500,00;RUB;0,00;Переводы;4829;Перевод СБП по номеру телефона;0;0;-1 500,00
13.02.2026 11:53:27;13.02.2026 09:58:14;3 200,00;RUB;3 200,00;RUB;0,00;Переводы;4829;Перевод СБП по номеру телефона;0;0;3 200,00
13.02.2026 18:59:01;13.02.2026 20:03:25;2 500,00;RUB;2 500,00;RUB;0,00;Переводы;4829;Перевод СБП по номеру телефона;0;0;2 500,00
14.02.2026 09:23:14;14.02.2026 07:20:59;2 500,00;RUB;2 500,00;RUB;0,00;Переводы;4829;Перевод СБП по номеру телефона;0;0;2 500,00
14.02.2026 17:50:09;14.02.2026 11:02:18;-500,00;RUB;-500,00;RUB;0,00;Переводы;4829;Перевод СБП по номеру телефона;0;0;-500,00
14.02.2026 11:48:45;14.02.2026 22:28:39;2 500,00;RUB;2 500,00;RUB;0,00;Переводы;4829;Перевод СБП по номеру телефона;0;0;2 500,00
14.02.2026 09:01:16;14.02.2026 13:53:09;-500,00;RUB;-500,00;RUB;0,00;Переводы;4829;Перевод СБП по номеру телефона;0;0;-500,00
14.02.2026 23:27:07;14.02.2026 16:15:19;3 200,00;RUB;3 200,00;RUB;0,00;Переводы;4829;Перевод СБП по номеру телефона;0;0;3 200,00
14.02.2026 08:15:26;14.02.2026 21:04:07;-500,00;RUB;-500,00;RUB;0,00;Переводы;4829;Перевод СБП по номеру телефона;0;0;-500,00
14.02.2026 07:40:32;14.02.2026 14:45:09;2 500,00;RUB;2 500,00;RUB;0,00;Переводы;4829;Перевод СБП по номеру телефона;0;0;2 500,00
14.02.2026 20:00:39;14.02.2026 18:15:36;-1 500,00;RUB;-1 500,00;RUB;0,00;Переводы;4829;Перевод СБП по номеру телефона;0;0;-1 500,00
14.02.2026 12:42:42;14.02.2026 09:33:23;2 500,00;RUB;2 500,00;RUB;0,00;Переводы;4829;Перевод СБП по номеру телефона;0;0;2 500,00
14.02.2026 23:34:32;14.02.2026 23:35:01;-2 000,00;RUB;-2 000,00;RUB;0,00;Супермаркеты;5411;Покупка Магнит;0;0;-2 000,00
15.02.2026 08:40:24;15.02.2026 18:16:47;2 500,00;RUB;2 500,00;RUB;0,00;Переводы;4829;Перевод СБП по номеру телефона;0;0;2 500,00
15.02.2026 18:50:04;15.02.2026 18:15:46;-500,00;RUB;-500,00;RUB;0,00;Переводы;4829;Перевод СБП по номеру телефона;0;0;-500,00
15.02.2026 10:49:37;15.02.2026 17:08:02;-7 000,00;RUB;-7 000,00;RUB;0,00;Переводы;4829;Перевод СБП по номеру телефона;0;0;-7 000,00
15.02.2026 17:52:41;15.02.2026 12:53:49;-1 500,00;RUB;-1 500,00;RUB;0,00;Переводы;4829;Перевод СБП по номеру телефона;0;0;-1 500,00
15.02.2026 21:44:30;15.02.2026 12:51:08;-7 000,00;RUB;-7 000,00;RUB;0,00;Переводы;4829;Перевод СБП по номеру телефона;0;0;-7 000,00
15.02.2026 21:02:18;15.02.2026 13:02:50;-500,00;RUB;-500,00;RUB;0,00;Переводы;4829;Перевод СБП по номеру телефона;0;0;-500,00
15.02.2026 08:20:59;15.02.2026 16:32:25;-1 000,00;RUB;-1 000,00;RUB;0,00;Переводы;4829;Перевод СБП по номеру телефона;0;0;-1 000,00
15.02.2026 22:16:02;15.02.2026 13:18:22;3 200,00;RUB;3 200,00;RUB;0,00;Переводы;4829;Перевод СБП по номеру телефона;0;0;3 200,00
15.02.2026 17:17:07;15.02.2026 18:27:56;-500,00;RUB;-500,00;RUB;0,00;Переводы;4829;Перевод СБП по номеру телефона;0;0;-500,00
15.02.2026 21:57:24;15.02.2026 17:11:31;2 500,00;RUB;2 500,00;RUB;0,00;Переводы;4829;Перевод СБП по номеру телефона;0;0;2 500,00
15.02.2026 22:23:59;15.02.2026 23:17:51;-7 000,00;RUB;-7 000,00;RUB;0,00;Переводы;4829;Перевод СБП по номеру телефона;0;0;-7 000,00
15.02.2026 20:05:27;15.02.2026 12:34:18;-2 000,00;RUB;-2 000,00;RUB;0,00;Супермаркеты;5411;Покупка Магнит;0;0;-2 000,00
16.02.2026 09:20:42;16.02.2026 16:19:28;-500,00;RUB;-500,00;RUB;0,00;Переводы;4829;Перевод СБП по номеру телефона;0;0;-500,00
16.02.2026 20:10:44;16.02.2026 21:22:28;3 200,00;RUB;3 200,00;RUB;0,00;Переводы;4829;Перевод СБП по номеру телефона;0;0;3 200,00
16.02.2026 18:39:27;16.02.2026 15:40:50;-500,00;RUB;-500,00;RUB;0,00;Переводы;4829;Перевод СБП по номеру телефона;0;0;-500,00
16.02.2026 09:42:40;16.02.2026 19:23:32;-500,00;RUB;-500,00;RUB;0,00;Переводы;4829;Перевод СБП по номеру телефона;0;0;-500,00
16.02.2026 12:01:09;16.02.2026 21:02:08;-7 000,00;RUB;-7 000,00;RUB;0,00;Переводы;4829;Перевод СБП по номеру телефона;0;0;-7 000,00
16.02.2026 14:49:41;16.02.2026 18:23:24;-500,00;RUB;-500,00;RUB;0,00;Переводы;4829;Перевод СБП по номеру телефона;0;0;-500,00
16.02.2026 08:38:09;16.02.2026 21:23:23;3 200,00;RUB;3 200,00;RUB;0,00;Переводы;4829;Перевод СБП по номеру телефона;0;0;3 200,00
16.02.2026 09:36:08;16.02.2026 23:23:25;2 500,00;RUB;2 500,00;RUB;0,00;Переводы;4829;Перевод СБП по номеру телефона;0;0;2 500,00
16.02.2026 15:15:07;16.02.2026 07:47:11;-1 500,00;RUB;-1 500,00;RUB;0,00;Переводы;4829;Перевод СБП по номеру телефона;0;0;-1 500,00
16.02.2026 23:24:58;16.02.2026 10:16:49;2 500,00;RUB;2 500,00;RUB;0,00;Переводы;4829;Перевод СБП по номеру телефона;0;0;2 500,00
17.02.2026 16:44:58;17.02.2026 22:12:07;-1 000,00;RUB;-1 000,00;RUB;0,00;Переводы;4829;Перевод СБП по номеру телефона;0;0;-1 000,00
17.02.2026 09:28:11;17.02.2026 21:05:51;-1 000,00;RUB;-1 000,00;RUB;0,00;Переводы;4829;Перевод СБП по номеру телефона;0;0;-1 000,00
17.02.2026 17:42:22;17.02.2026 09:35:34;-7 000,00;RUB;-7 000,00;RUB;0,00;Переводы;4829;Перевод СБП по номеру телефона;0;0;-7 000,00
17.02.2026 16:54:10;17.02.2026 12:50:23;-1 500,00;RUB;-1 500,00;RUB;0,00;Переводы;4829;Перевод СБП по номеру телефона;0;0;-1 500,00
17.02.2026 14:07:12;17.02.2026 11:15:50;3 200,00;RUB;3 200,00;RUB;0,00;Переводы;4829;Перевод СБП по номеру телефона;0;0;3 200,00
17.02.2026 07:23:35;17.02.2026 18:29:51;2 500,00;RUB;2 500,00;RUB;0,00;Переводы;4829;Перевод СБП по номеру телефона;0;0;2 500,00
17.02.2026 11:39:56;17.02.2026 09:04:19;3 200,00;RUB;3 200,00;RUB;0,00;Переводы;4829;Перевод СБП по номеру телефона;0;0;3 200,00
17.02.2026 22:33:26;17.02.2026 20:52:36;2 500,00;RUB;2 500,00;RUB;0,00;Переводы;4829;Перевод СБП по номеру телефона;0;0;2 500,00
17.02.2026 11:20:41;17.02.2026 09:28:29;-500,00;RUB;-500,00;RUB;0,00;Переводы;4829;Перевод СБП по номеру телефона;0;0;-500,00
17.02.2026 23:22:08;17.02.2026 12:49:08;-7 000,00;RUB;-7 000,00;RUB;0,00;Переводы;4829;Перевод СБП по номеру телефона;0;0;-7 000,00
17.02.2026 23:58:55;17.02.2026 08:53:07;2 500,00;RUB;2 500,00;RUB;0,00;Переводы;4829;Перевод СБП по номеру телефона;0;0;2 500,00
18.02.2026 12:20:59;18.02.2026 14:22:33;-1 000,00;RUB;-1 000,00;RUB;0,00;Переводы;4829;Перевод СБП по номеру телефона;0;0;-1 000,00
18.02.2026 09:16:12;18.02.2026 15:08:40;-1 500,00;RUB;-1 500,00;RUB;0,00;Переводы;4829;Перевод СБП по номеру телефона;0;0;-1 500,00
18.02.2026 09:32:41;18.02.2026 12:37:37;-1 500,00;RUB;-1 500,00;RUB;0,00;Переводы;4829;Перевод СБП по номеру телефона;0;0;-1 500,00
18.02.2026 12:42:39;18.02.2026 17:53:59;-1 000,00;RUB;-1 000,00;RUB;0,00;Переводы;4829;Перевод СБП по номеру телефона;0;0;-1 000,00
18.02.2026 08:52:55;18.02.2026 07:05:02;3 200,00;RUB;3 200,00;RUB;0,00;Переводы;4829;Перевод СБП по номеру телефона;0;0;3 200,00
18.02.2026 15:41:13;18.02.2026 20:39:40;-7 000,00;RUB;-7 000,00;RUB;0,00;Переводы;4829;Перевод СБП по номеру телефона;0;0;-7 000,00
18.02.2026 22:56:40;18.02.2026 16:41:19;-500,00;RUB;-500,00;RUB;0,00;Переводы;4829;Перевод СБП по номеру телефона;0;0;-500,00
18.02.2026 14:51:51;18.02.2026 19:19:29;2 500,00;RUB;2 500,00;RUB;0,00;Переводы;4829;Перевод СБП по номеру телефона;0;0;2 500,00
18.02.2026 08:10:28;18.02.2026 20:30:29;-500,00;RUB;-500,00;RUB;0,00;Переводы;4829;Перевод СБП по номеру телефона;0;0;-500,00
18.02.2026 17:38:09;18.02.2026 17:55:45;-1 000,00;RUB;-1 000,00;RUB;0,00;Переводы;4829;Перевод СБП по номеру телефона;0;0;-1 000,00
19.02.2026 19:08:48;19.02.2026 18:32:35;-1 500,00;RUB;-1 500,00;RUB;0,00;Переводы;4829;Перевод СБП по номеру телефона;0;0;-1 500,00
19.02.2026 17:15:29;19.02.2026 10:17:28;-500,00;RUB;-500,00;RUB;0,00;Переводы;4829;Перевод СБП по номеру телефона;0;0;-500,00
19.02.2026 11:06:03;19.02.2026 16:24:55;-1 000,00;RUB;-1 000,00;RUB;0,00;Переводы;4829;Перевод СБП по номеру телефона;0;0;-1 000,00
19.02.2026 20:15:55;19.02.2026 12:52:20;3 200,00;RUB;3 200,00;RUB;0,00;Переводы;4829;Перевод СБП по номеру телефона;0;0;3 200,00
19.02.2026 17:12:48;19.02.2026 12:31:32;3 200,00;RUB;3 200,00;RUB;0,00;Переводы;4829;Перевод СБП по номеру телефона;0;0;3 200,00
19.02.2026 22:56:19;19.02.2026 22:01:05;2 500,00;RUB;2 500,00;RUB;0,00;Переводы;4829;Перевод СБП по номеру телефона;0;0;2 500,00
19.02.2026 23:29:15;19.02.2026 13:37:22;2 500,00;RUB;2 500,00;RUB;0,00;Переводы;4829;Перевод СБП по номеру телефона;0;0;2 500,00
19.02.2026 08:18:31;19.02.2026 22:18:34;-500,00;RUB;-500,00;RUB;0,00;Переводы;4829;Перевод СБП по номеру телефона;0;0;-500,00
19.02.2026 10:27:08;19.02.2026 15:46:23;-500,00;RUB;-500,00;RUB;0,00;Переводы;4829;Перевод СБП по номеру телефона;0;0;-500,00
19.02.2026 18:02:25;19.02.2026 08:36:35;2 500,00;RUB;2 500,00;RUB;0,00;Переводы;4829;Перевод СБП по номеру телефона;0;0;2 500,00
19.02.2026 18:35:18;19.02.2026 09:24:32;-1 000,00;RUB;-1 000,00;RUB;0,00;Переводы;4829;Перевод СБП по номеру телефона;0;0;-1 000,00
19.02.2026 15:52:39;19.02.2026 10:08:06;2 500,00;RUB;2 500,00;RUB;0,00;Переводы;4829;Перевод СБП по номеру телефона;0;0;2 500,00
19.02.2026 18:50:21;19.02.2026 18:48:09;2 500,00;RUB;2 500,00;RUB;0,00;Переводы;4829;Перевод СБП по номеру телефона;0;0;2 500,00
19.02.2026 23:25:32;19.02.2026 08:02:02;-1 000,00;RUB;-1 000,00;RUB;0,00;Переводы;4829;Перевод СБП по номеру телефона;0;0;-1 000,00
19.02.2026 17:51:30;19.02.2026 23:29:09;-2 000,00;RUB;-2 000,00;RUB;0,00;Супермаркеты;5411;Покупка Магнит;0;0;-2 000,00
20.02.2026 11:20:59;20.02.2026 17:10:25;3 200,00;RUB;3 200,00;RUB;0,00;Переводы;4829;Перевод СБП по номеру телефона;0;0;3 200,00
20.02.2026 16:37:21;20.02.2026 23:53:32;3 200,00;RUB;3 200,00;RUB;0,00;Переводы;4829;Перевод СБП по номеру телефона;0;0;3 200,00
20.02.2026 22:45:36;20.02.2026 16:30:52;3 200,00;RUB;3 200,00;RUB;0,00;Переводы;4829;Перевод СБП по номеру телефона;0;0;3 200,00
20.02.2026 18:21:43;20.02.2026 10:26:37;-500,00;RUB;-500,00;RUB;0,00;Переводы;4829;Перевод СБП по номеру телефона;0;0;-500,00
20.02.2026 07:38:30;20.02.2026 15:41:50;-1 500,00;RUB;-1 500,00;RUB;0,00;Переводы;4829;Перевод СБП по номеру телефона;0;0;-1 500,00
20.02.2026 14:46:03;20.02.2026 22:10:33;3 200,00;RUB;3 200,00;RUB;0,00;Переводы;4829;Перевод СБП по номеру телефона;0;0;3 200,00
20.02.2026 19:09:52;20.02.2026 14:02:36;-7 000,00;RUB;-7 000,00;RUB;0,00;Переводы;4829;Перевод СБП по номеру телефона;0;0;-7 000,00
20.02.2026 10:12:01;20.02.2026 21:20:26;-7 000,00;RUB;-7 000,00;RUB;0,00;Переводы;4829;Перевод СБП по номеру телефона;0;0;-7 000,00
20.02.2026 20:44:13;20.02.2026 20:32:49;-1 000,00;RUB;-1 000,00;RUB;0,00;Переводы;4829;Перевод СБП по номеру телефона;0;0;-1 000,00
20.02.2026 22:55:54;20.02.2026 08:45:08;3 200,00;RUB;3 200,00;RUB;0,00;Переводы;4829;Перевод СБП по номеру телефона;0;0;3 200,00
20.02.2026 13:35:20;20.02.2026 22:33:24;3 200,00;RUB;3 200,00;RUB;0,00;Переводы;4829;Перевод СБП по номеру телефона;0;0;3 200,00
20.02.2026 12:29:58;20.02.2026 17:34:22;-1 500,00;RUB;-1 500,00;RUB;0,00;Переводы;4829;Перевод СБП по номеру телефона;0;0;-1 500,00
21.02.2026 15:39:30;21.02.2026 13:15:17;-7 000,00;RUB;-7 000,00;RUB;0,00;Переводы;4829;Перевод СБП по номеру телефона;0;0;-7 000,00
21.02.2026 16:14:19;21.02.2026 16:45:13;3 200,00;RUB;3 200,00;RUB;0,00;Переводы;4829;Перевод СБП по номеру телефона;0;0;3 200,00
21.02.2026 22:20:30;21.02.2026 18:35:59;-7 000,00;RUB;-7 000,00;RUB;0,00;Переводы;4829;Перевод СБП по номеру телефона;0;0;-7 000,00
21.02.2026 15:18:07;21.02.2026 19:57:25;-7 000,00;RUB;-7 000,00;RUB;0,00;Переводы;4829;Перевод СБП по номеру телефона;0;0;-7 000,00
21.02.2026 11:18:02;21.02.2026 16:45:05;-1 500,00;RUB;-1 500,00;RUB;0,00;Переводы;4829;Перевод СБП по номеру телефона;0;0;-1 500,00
21.02.2026 21:41:16;21.02.2026 22:13:12;-1 500,00;RUB;-1 500,00;RUB;0,00;Переводы;4829;Перевод СБП по номеру телефона;0;0;-1 500,00
21.02.2026 15:59:35;21.02.2026 15:08:06;3 200,00;RUB;3 200,00;RUB;0,00;Переводы;4829;Перевод СБП по номеру телефона;0;0;3 200,00
21.02.2026 14:15:03;21.02.2026 23:14:40;3 200,00;RUB;3 200,00;RUB;0,00;Переводы;4829;Перевод СБП по номеру телефона;0;0;3 200,00
21.02.2026 08:06:26;21.02.2026 17:45:30;-1 000,00;RUB;-1 000,00;RUB;0,00;Переводы;4829;Перевод СБП по номеру телефона;0;0;-1 000,00
21.02.2026 11:00:35;21.02.2026 12:26:41;-500,00;RUB;-500,00;RUB;0,00;Переводы;4829;Перевод СБП по номеру телефона;0;0;-500,00
21.02.2026 22:41:12;21.02.2026 16:20:18;2 500,00;RUB;2 500,00;RUB;0,00;Переводы;4829;Перевод СБП по номеру телефона;0;0;2 500,00
21.02.2026 08:58:49;21.02.2026 09:41:36;-7 000,00;RUB;-7 000,00;RUB;0,00;Переводы;4829;Перевод СБП по номеру телефона;0;0;-7 000,00
21.02.2026 08:58:58;21.02.2026 12:26:56;-1 000,00;RUB;-1 000,00;RUB;0,00;Переводы;4829;Перевод СБП по номеру телефона;0;0;-1 000,00
21.02.2026 08:53:25;21.02.2026 22:11:59;-1 000,00;RUB;-1 000,00;RUB;0,00;Переводы;4829;Перевод СБП по номеру телефона;0;0;-1 000,00
22.02.2026 08:00:19;22.02.2026 10:59:21;-1 500,00;RUB;-1 500,00;RUB;0,00;Переводы;4829;Перевод СБП по номеру телефона;0;0;-1 500,00
22.02.2026 21:41:34;22.02.2026 23:31:56;-1 500,00;RUB;-1 500,00;RUB;0,00;Переводы;4829;Перевод СБП по номеру телефона;0;0;-1 500,00
22.02.2026 23:29:17;22.02.2026 13:51:07;-1 000,00;RUB;-1 000,00;RUB;0,00;Переводы;4829;Перевод СБП по номеру телефона;0;0;-1 000,00
22.02.2026 12:46:29;22.02.2026 15:45:11;-1 500,00;RUB;-1 500,00;RUB;0,00;Переводы;4829;Перевод СБП по номеру телефона;0;0;-1 500,00
22.02.2026 17:50:18;22.02.2026 13:11:39;-500,00;RUB;-500,00;RUB;0,00;Переводы;4829;Перевод СБП по номеру телефона;0;0;-500,00
22.02.2026 19:52:27;22.02.2026 23:20:05;-7 000,00;RUB;-7 000,00;RUB;0,00;Переводы;4829;Перевод СБП по номеру телефона;0;0;-7 000,00
22.02.2026 10:11:08;22.02.2026 22:20:59;2 500,00;RUB;2 500,00;RUB;0,00;Переводы;4829;Перевод СБП по номеру телефона;0;0;2 500,00
22.02.2026 07:16:24;22.02.2026 14:28:48;-1 000,00;RUB;-1 000,00;RUB;0,00;Переводы;4829;Перевод СБП по номеру телефона;0;0;-1 000,00
22.02.2026 17:19:37;22.02.2026 07:16:41;-1 500,00;RUB;-1 500,00;RUB;0,00;Переводы;4829;Перевод СБП по номеру телефона;0;0;-1 500,00
22.02.2026 14:03:42;22.02.2026 10:29:19;-1 500,00;RUB;-1 500,00;RUB;0,00;Переводы;4829;Перевод СБП по номеру телефона;0;0;-1 500,00
22.02.2026 19:43:32;22.02.2026 16:44:07;-1 000,00;RUB;-1 000,00;RUB;0,00;Переводы;4829;Перевод СБП по номеру телефона;0;0;-1 000,00
22.02.2026 16:23:39;22.02.2026 14:14:08;-7 000,00;RUB;-7 000,00;RUB;0,00;Переводы;4829;Перевод СБП по номеру телефона;0;0;-7 000,00
22.02.2026 11:29:47;22.02.2026 18:26:44;2 500,00;RUB;2 500,00;RUB;0,00;Переводы;4829;Перевод СБП по номеру телефона;0;0;2 500,00
22.02.2026 22:48:34;22.02.2026 13:48:15;3 200,00;RUB;3 200,00;RUB;0,00;Переводы;4829;Перевод СБП по номеру телефона;0;0;3 200,00
23.02.2026 23:28:33;23.02.2026 18:04:58;-500,00;RUB;-500,00;RUB;0,00;Переводы;4829;Перевод СБП по номеру телефона;0;0;-500,00
23.02.2026 10:03:53;23.02.2026 23:12:36;3 200,00;RUB;3 200,00;RUB;0,00;Переводы;4829;Перевод СБП по номеру телефона;0;0;3 200,00
23.02.2026 11:10:20;23.02.2026 23:28:07;3 200,00;RUB;3 200,00;RUB;0,00;Переводы;4829;Перевод СБП по номеру телефона;0;0;3 200,00
23.02.2026 13:45:37;23.02.2026 22:05:57;-7 000,00;RUB;-7 000,00;RUB;0,00;Переводы;4829;Перевод СБП по номеру телефона;0;0;-7 000,00
23.02.2026 21:51:03;23.02.2026 21:08:32;3 200,00;RUB;3 200,00;RUB;0,00;Переводы;4829;Перевод СБП по номеру телефона;0;0;3 200,00
23.02.2026 21:36:03;23.02.2026 21:43:51;2 500,00;RUB;2 500,00;RUB;0,00;Переводы;4829;Перевод СБП по номеру телефона;0;0;2 500,00
23.02.2026 07:25:16;23.02.2026 07:47:13;-1 500,00;RUB;-1 500,00;RUB;0,00;Переводы;4829;Перевод СБП по номеру телефона;0;0;-1 500,00
23.02.2026 09:02:27;23.02.2026 18:44:04;3 200,00;RUB;3 200,00;RUB;0,00;Переводы;4829;Перевод СБП по номеру телефона;0;0;3 200,00
23.02.2026 08:59:57;23.02.2026 09:59:30;3 200,00;RUB;3 200,00;RUB;0,00;Переводы;4829;Перевод СБП по номеру телефона;0;0;3 200,00
23.02.2026 16:26:11;23.02.2026 11:49:41;-500,00;RUB;-500,00;RUB;0,00;Переводы;4829;Перевод СБП по номеру телефона;0;0;-500,00
23.02.2026 20:23:57;23.02.2026 19:28:55;-7 000,00;RUB;-7 000,00;RUB;0,00;Переводы;4829;Перевод СБП по номеру телефона;0;0;-7 000,00
23.02.2026 19:05:43;23.02.2026 11:41:55;2 500,00;RUB;2 500,00;RUB;0,00;Переводы;4829;Перевод СБП по номеру телефона;0;0;2 500,00
24.02.2026 19:33:08;24.02.2026 14:53:00;3 200,00;RUB;3 200,00;RUB;0,00;Переводы;4829;Перевод СБП по номеру телефона;0;0;3 200,00
24.02.2026 16:29:43;24.02.2026 20:34:24;-500,00;RUB;-500,00;RUB;0,00;Переводы;4829;Перевод СБП по номеру телефона;0;0;-500,00
24.02.2026 14:29:22;24.02.2026 11:17:12;-1 000,00;RUB;-1 000,00;RUB;0,00;Переводы;4829;Перевод СБП по номеру телефона;0;0;-1 000,00
24.02.2026 10:02:51;24.02.2026 20:39:49;-7 000,00;RUB;-7 000,00;RUB;0,00;Переводы;4829;Перевод СБП по номеру телефона;0;0;-7 000,00
24.02.2026 14:13:04;24.02.2026 10:38:02;-500,00;RUB;-500,00;RUB;0,00;Переводы;4829;Перевод СБП по номеру телефона;0;0;-500,00
24.02.2026 08:15:47;24.02.2026 08:25:28;2 500,00;RUB;2 500,00;RUB;0,00;Переводы;4829;Перевод СБП по номеру телефона;0;0;2 500,00
24.02.2026 13:48:55;24.02.2026 08:08:32;-1 000,00;RUB;-1 000,00;RUB;0,00;Переводы;4829;Перевод СБП по номеру телефона;0;0;-1 000,00
24.02.2026 14:52:58;24.02.2026 17:36:38;-1 500,00;RUB;-1 500,00;RUB;0,00;Переводы;4829;Перевод СБП по номеру телефона;0;0;-1 500,00
24.02.2026 17:15:19;24.02.2026 11:42:33;-7 000,00;RUB;-7 000,00;RUB;0,00;Переводы;4829;Перевод СБП по номеру телефона;0;0;-7 000,00
25.02.2026 08:35:37;25.02.2026 12:40:43;-1 500,00;RUB;-1 500,00;RUB;0,00;Переводы;4829;Перевод СБП по номеру телефона;0;0;-1 500,00
25.02.2026 22:03:22;25.02.2026 19:50:33;2 500,00;RUB;2 500,00;RUB;0,00;Переводы;4829;Перевод СБП по номеру телефона;0;0;2 500,00
25.02.2026 20:26:09;25.02.2026 16:24:11;-1 500,00;RUB;-1 500,00;RUB;0,00;Переводы;4829;Перевод СБП по номеру телефона;0;0;-1 500,00
25.02.2026 22:15:54;25.02.2026 14:19:54;3 200,00;RUB;3 200,00;RUB;0,00;Переводы;4829;Перевод СБП по номеру телефона;0;0;3 200,00
25.02.2026 11:51:29;25.02.2026 08:35:26;-7 000,00;RUB;-7 000,00;RUB;0,00;Переводы;4829;Перевод СБП по номеру телефона;0;0;-7 000,00
25.02.2026 23:08:24;25.02.2026 14:16:13;2 500,00;RUB;2 500,00;RUB;0,00;Переводы;4829;Перевод СБП по номеру телефона;0;0;2 500,00
25.02.2026 09:59:28;25.02.2026 18:05:34;-1 500,00;RUB;-1 500,00;RUB;0,00;Переводы;4829;Перевод СБП по номеру телефона;0;0;-1 500,00
25.02.2026 13:03:17;25.02.2026 19:43:38;-7 000,00;RUB;-7 000,00;RUB;0,00;Переводы;4829;Перевод СБП по номеру телефона;0;0;-7 000,00
25.02.2026 08:55:04;25.02.2026 13:51:48;3 200,00;RUB;3 200,00;RUB;0,00;Переводы;4829;Перевод СБП по номеру телефона;0;0;3 200,00
25.02.2026 13:30:13;25.02.2026 17:19:58;3 200,00;RUB;3 200,00;RUB;0,00;Переводы;4829;Перевод СБП по номеру телефона;0;0;3 200,00
25.02.2026 13:47:07;25.02.2026 22:58:15;-2 000,00;RUB;-2 000,00;RUB;0,00;Супермаркеты;5411;Покупка Магнит;0;0;-2 000,00
26.02.2026 13:25:58;26.02.2026 14:35:20;3 200,00;RUB;3 200,00;RUB;0,00;Переводы;4829;Перевод СБП по номеру телефона;0;0;3 200,00
26.02.2026 19:29:34;26.02.2026 18:19:16;-1 500,00;RUB;-1 500,00;RUB;0,00;Переводы;4829;Перевод СБП по номеру телефона;0;0;-1 500,00
26.02.2026 23:56:31;26.02.2026 21:06:51;-1 500,00;RUB;-1 500,00;RUB;0,00;Переводы;4829;Перевод СБП по номеру телефона;0;0;-1 500,00
26.02.2026 22:48:53;26.02.2026 17:58:13;-7 000,00;RUB;-7 000,00;RUB;0,00;Переводы;4829;Перевод СБП по номеру телефона;0;0;-7 000,00
26.02.2026 17:26:02;26.02.2026 14:47:09;-1 500,00;RUB;-1 500,00;RUB;0,00;Переводы;4829;Перевод СБП по номеру телефона;0;0;-1 500,00
26.02.2026 15:35:59;26.02.2026 20:18:09;-500,00;RUB;-500,00;RUB;0,00;Переводы;4829;Перевод СБП по номеру телефона;0;0;-500,00
26.02.2026 17:14:24;26.02.2026 14:31:35;-1 000,00;RUB;-1 000,00;RUB;0,00;Переводы;4829;Перевод СБП по номеру телефона;0;0;-1 000,00
26.02.2026 17:16:48;26.02.2026 22:46:41;-7 000,00;RUB;-7 000,00;RUB;0,00;Переводы;4829;Перевод СБП по номеру телефона;0;0;-7 000,00
26.02.2026 22:29:10;26.02.2026 18:10:08;-7 000,00;RUB;-7 000,00;RUB;0,00;Переводы;4829;Перевод СБП по номеру телефона;0;0;-7 000,00
26.02.2026 22:11:58;26.02.2026 08:33:02;-7 000,00;RUB;-7 000,00;RUB;0,00;Переводы;4829;Перевод СБП по номеру телефона;0;0;-7 000,00
26.02.2026 08:48:00;26.02.2026 20:08:53;-500,00;RUB;-500,00;RUB;0,00;Переводы;4829;Перевод СБП по номеру телефона;0;0;-500,00
26.02.2026 14:04:45;26.02.2026 11:00:13;-7 000,00;RUB;-7 000,00;RUB;0,00;Переводы;4829;Перевод СБП по номеру телефона;0;0;-7 000,00
26.02.2026 21:23:03;26.02.2026 22:42:31;3 200,00;RUB;3 200,00;RUB;0,00;Переводы;4829;Перевод СБП по номеру телефона;0;0;3 200,00
26.02.2026 20:00:01;26.02.2026 23:46:17;-2 000,00;RUB;-2 000,00;RUB;0,00;Супермаркеты;5411;Покупка Магнит;0;0;-2 000,00
27.02.2026 07:32:52;27.02.2026 20:51:58;-1 500,00;RUB;-1 500,00;RUB;0,00;Переводы;4829;Перевод СБП по номеру телефона;0;0;-1 500,00
27.02.2026 10:58:06;27.02.2026 23:09:15;-1 000,00;RUB;-1 000,00;RUB;0,00;Переводы;4829;Перевод СБП по номеру телефона;0;0;-1 000,00
27.02.2026 23:16:52;27.02.2026 18:17:50;-1 000,00;RUB;-1 000,00;RUB;0,00;Переводы;4829;Перевод СБП по номеру телефона;0;0;-1 000,00
27.02.2026 09:23:25;27.02.2026 21:36:15;2 500,00;RUB;2 500,00;RUB;0,00;Переводы;4829;Перевод СБП по номеру телефона;0;0;2 500,00
27.02.2026 14:19:43;27.02.2026 09:41:54;-7 000,00;RUB;-7 000,00;RUB;0,00;Переводы;4829;Перевод СБП по номеру телефона;0;0;-7 000,00
27.02.2026 08:05:25;27.02.2026 19:24:35;-7 000,00;RUB;-7 000,00;RUB;0,00;Переводы;4829;Перевод СБП по номеру телефона;0;0;-7 000,00
27.02.2026 08:40:00;27.02.2026 12:05:31;2 500,00;RUB;2 500,00;RUB;0,00;Переводы;4829;Перевод СБП по номеру телефона;0;0;2 500,00
27.02.2026 17:36:54;27.02.2026 10:57:33;2 500,00;RUB;2 500,00;RUB;0,00;Переводы;4829;Перевод СБП по номеру телефона;0;0;2 500,00
27.02.2026 14:13:57;27.02.2026 22:17:02;-500,00;RUB;-500,00;RUB;0,00;Переводы;4829;Перевод СБП по номеру телефона;0;0;-500,00
27.02.2026 15:57:34;27.02.2026 08:11:59;-500,00;RUB;-500,00;RUB;0,00;Переводы;4829;Перевод СБП по номеру телефона;0;0;-500,00
27.02.2026 07:13:37;27.02.2026 11:48:52;-1 500,00;RUB;-1 500,00;RUB;0,00;Переводы;4829;Перевод СБП по номеру телефона;0;0;-1 500,00
27.02.2026 19:59:04;27.02.2026 16:10:36;-7 000,00;RUB;-7 000,00;RUB;0,00;Переводы;4829;Перевод СБП по номеру телефона;0;0;-7 000,00
28.02.2026 17:24:48;28.02.2026 11:50:44;2 500,00;RUB;2 500,00;RUB;0,00;Переводы;4829;Перевод СБП по номеру телефона;0;0;2 500,00
28.02.2026 09:32:47;28.02.2026 18:03:06;-7 000,00;RUB;-7 000,00;RUB;0,00;Переводы;4829;Перевод СБП по номеру телефона;0;0;-7 000,00
28.02.2026 14:53:04;28.02.2026 17:38:49;2 500,00;RUB;2 500,00;RUB;0,00;Переводы;4829;Перевод СБП по номеру телефона;0;0;2 500,00
28.02.2026 19:49:20;28.02.2026 07:40:17;3 200,00;RUB;3 200,00;RUB;0,00;Переводы;4829;Перевод СБП по номеру телефона;0;0;3 200,00
28.02.2026 22:14:22;28.02.2026 19:27:11;2 500,00;RUB;2 500,00;RUB;0,00;Переводы;4829;Перевод СБП по номеру телефона;0;0;2 500,00
28.02.2026 19:05:49;28.02.2026 16:51:15;-7 000,00;RUB;-7 000,00;RUB;0,00;Переводы;4829;Перевод СБП по номеру телефона;0;0;-7 000,00
28.02.2026 09:05:17;28.02.2026 11:24:45;-7 000,00;RUB;-7 000,00;RUB;0,00;Переводы;4829;Перевод СБП по номеру телефона;0;0;-7 000,00
28.02.2026 11:47:24;28.02.2026 17:23:06;-7 000,00;RUB;-7 000,00;RUB;0,00;Переводы;4829;Перевод СБП по номеру телефона;0;0;-7 000,00
28.02.2026 07:19:28;28.02.2026 18:48:17;-500,00;RUB;-500,00;RUB;0,00;Переводы;4829;Перевод СБП по номеру телефона;0;0;-500,00
28.02.2026 11:05:11;28.02.2026 20:28:35;-500,00;RUB;-500,00;RUB;0,00;Переводы;4829;Перевод СБП по номеру телефона;0;0;-500,00
28.02.2026 23:26:06;28.02.2026 07:05:22;3 200,00;RUB;3 200,00;RUB;0,00;Переводы;4829;Перевод СБП по номеру телефона;0;0;3 200,00
28.02.2026 09:38:38;28.02.2026 17:55:24;3 200,00;RUB;3 200,00;RUB;0,00;Переводы;4829;Перевод СБП по номеру телефона;0;0;3 200,00
28.02.2026 16:26:24;28.02.2026 09:46:57;-500,00;RUB;-500,00;RUB;0,00;Переводы;4829;Перевод СБП по номеру телефона;0;0;-500,00
28.02.2026 14:36:33;28.02.2026 12:43:24;3 200,00;RUB;3 200,00;RUB;0,00;Переводы;4829;Перевод СБП по номеру телефона;0;0;3 200,00
28.02.2026 15:19:17;28.02.2026 22:09:04;-2 000,00;RUB;-2 000,00;RUB;0,00;Супермаркеты;5411;Покупка Магнит;0;0;-2 000,00
01.03.2026 15:26:19;01.03.2026 22:50:04;2 500,00;RUB;2 500,00;RUB;0,00;Переводы;4829;Перевод СБП по номеру телефона;0;0;2 500,00
01.03.2026 15:15:46;01.03.2026 22:38:39;-1 500,00;RUB;-1 500,00;RUB;0,00;Переводы;4829;Перевод СБП по номеру телефона;0;0;-1 500,00
01.03.2026 21:06:08;01.03.2026 16:00:25;-1 000,00;RUB;-1 000,00;RUB;0,00;Переводы;4829;Перевод СБП по номеру телефона;0;0;-1 000,00
01.03.2026 19:51:55;01.03.2026 17:28:21;-1 500,00;RUB;-1 500,00;RUB;0,00;Переводы;4829;Перевод СБП по номеру телефона;0;0;-1 500,00
01.03.2026 11:19:20;01.03.2026 13:30:20;2 500,00;RUB;2 500,00;RUB;0,00;Переводы;4829;Перевод СБП по номеру телефона;0;0;2 500,00
01.03.2026 19:20:18;01.03.2026 22:36:50;-1 000,00;RUB;-1 000,00;RUB;0,00;Переводы;4829;Перевод СБП по номеру телефона;0;0;-1 000,00
01.03.2026 17:24:17;01.03.2026 19:23:07;-1 000,00;RUB;-1 000,00;RUB;0,00;Переводы;4829;Перевод СБП по номеру телефона;0;0;-1 000,00
01.03.2026 13:37:34;01.03.2026 12:43:49;3 200,00;RUB;3 200,00;RUB;0,00;Переводы;4829;Перевод СБП по номеру телефона;0;0;3 200,00
01.03.2026 07:46:29;01.03.2026 13:28:51;3 200,00;RUB;3 200,00;RUB;0,00;Переводы;4829;Перевод СБП по номеру телефона;0;0;3 200,00
02.03.2026 20:43:31;02.03.2026 11:40:19;-500,00;RUB;-500,00;RUB;0,00;Переводы;4829;Перевод СБП по номеру телефона;0;0;-500,00
02.03.2026 15:42:09;02.03.2026 20:50:24;-1 000,00;RUB;-1 000,00;RUB;0,00;Переводы;4829;Перевод СБП по номеру телефона;0;0;-1 000,00
02.03.2026 21:38:30;02.03.2026 19:34:32;-500,00;RUB;-500,00;RUB;0,00;Переводы;4829;Перевод СБП по номеру телефона;0;0;-500,00
02.03.2026 20:34:02;02.03.2026 18:44:57;-7 000,00;RUB;-7 000,00;RUB;0,00;Переводы;4829;Перевод СБП по номеру телефона;0;0;-7 000,00
02.03.2026 09:06:49;02.03.2026 14:42:42;3 200,00;RUB;3 200,00;RUB;0,00;Переводы;4829;Перевод СБП по номеру телефона;0;0;3 200,00
02.03.2026 12:41:39;02.03.2026 08:36:41;-1 500,00;RUB;-1 500,00;RUB;0,00;Переводы;4829;Перевод СБП по номеру телефона;0;0;-1 500,00
02.03.2026 19:48:21;02.03.2026 20:06:00;-7 000,00;RUB;-7 000,00;RUB;0,00;Переводы;4829;Перевод СБП по номеру телефона;0;0;-7 000,00
02.03.2026 15:14:32;02.03.2026 23:35:37;-500,00;RUB;-500,00;RUB;0,00;Переводы;4829;Перевод СБП по номеру телефона;0;0;-500,00
02.03.2026 14:28:23;02.03.2026 19:29:49;-7 000,00;RUB;-7 000,00;RUB;0,00;Переводы;4829;Перевод СБП по номеру телефона;0;0;-7 000,00
02.03.2026 23:09:22;02.03.2026 07:30:06;-7 000,00;RUB;-7 000,00;RUB;0,00;Переводы;4829;Перевод СБП по номеру телефона;0;0;-7 000,00
02.03.2026 20:58:05;02.03.2026 10:53:46;-1 500,00;RUB;-1 500,00;RUB;0,00;Переводы;4829;Перевод СБП по номеру телефона;0;0;-1 500,00
02.03.2026 18:19:21;02.03.2026 21:50:13;-1 000,00;RUB;-1 000,00;RUB;0,00;Переводы;4829;Перевод СБП по номеру телефона;0;0;-1 000,00
02.03.2026 22:22:30;02.03.2026 10:28:46;3 200,00;RUB;3 200,00;RUB;0,00;Переводы;4829;Перевод СБП по номеру телефона;0;0;3 200,00
